[2025-12-02 10:17:45.340] 成功載入 CmdCode JSON 文件: Data\CmdCode.json 與 Data\CmdCodeReverse.json
[2025-12-02 10:17:49.025] [PollingRead][savePartAsSubSys] New Port created : CAN1
[2025-12-02 10:17:49.026] [PollingRead][savePartAsSubSys] New SubSystem created for (port, protocol) = (CAN1, NTN-5K_CAN.json)
[2025-12-02 10:17:49.112] [PollingRead][savePartAsSubSys] New Port created : CAN2
[2025-12-02 10:17:49.113] [PollingRead][FireAndForgetTask] oneSubSys_FireAndForgetLock is being used (port, protocol) = (CAN1, NTN-5K_CAN.json)
[2025-12-02 10:17:49.113] [PollingRead][savePartAsSubSys] New SubSystem created for (port, protocol) = (CAN2, NTN-5K_CAN.json)
[2025-12-02 10:17:49.115] [PollingRead][savePartAsSubSys] New Port created : MOD1
[2025-12-02 10:17:49.117] [PollingRead][savePartAsSubSys] New SubSystem created for (port, protocol) = (MOD1, NTN-5K_MOD.json)
[2025-12-02 10:17:49.120] [PollingRead][savePartAsSubSys] New Port created : MOD2
[2025-12-02 10:17:49.122] [PollingRead][savePartAsSubSys] New SubSystem created for (port, protocol) = (MOD2, NTN-5K_MOD.json)
[2025-12-02 10:17:49.134] [SubSystem][UpdateSettingRanges_From] Start for (port, protocol) = (CAN2, NTN-5K_CAN.json)
[2025-12-02 10:17:49.134] [SubSystem][UpdateSettingRanges_From] Start for (port, protocol) = (CAN1, NTN-5K_CAN.json)
[2025-12-02 10:17:49.134] [SubSystem][UpdateSettingRanges_From] Start for (port, protocol) = (MOD1, NTN-5K_MOD.json)
[2025-12-02 10:17:49.135] [SubSystem][UpdateSettingRanges_From] Start for (port, protocol) = (MOD2, NTN-5K_MOD.json)
[2025-12-02 10:17:49.138] [SubSystem][UpdateSettingRanges_From] done for (port, protocol) = (CAN2, NTN-5K_CAN.json)
[2025-12-02 10:17:49.139] [SubSystem][UpdateSettingRanges_From] done for (port, protocol) = (CAN1, NTN-5K_CAN.json)
[2025-12-02 10:17:49.141] [SubSystem][UpdateSettingRanges_From] done for (port, protocol) = (MOD1, NTN-5K_MOD.json)
[2025-12-02 10:17:49.142] [SubSystem][UpdateSettingRanges_From] done for (port, protocol) = (MOD2, NTN-5K_MOD.json)
[2025-12-02 10:17:49.163] [SubSystem][UpdateInfosForWriteCmd_From] Start for (port, protocol) = (CAN2, NTN-5K_CAN.json)
[2025-12-02 10:17:49.162] [SubSystem][UpdateInfosForWriteCmd_From] Start for (port, protocol) = (MOD2, NTN-5K_MOD.json)
[2025-12-02 10:17:49.162] [SubSystem][UpdateInfosForWriteCmd_From] Start for (port, protocol) = (CAN1, NTN-5K_CAN.json)
[2025-12-02 10:17:49.163] [SubSystem][UpdateInfosForWriteCmd_From] Start for (port, protocol) = (MOD1, NTN-5K_MOD.json)
[2025-12-02 10:17:49.163] [SubSystem][UpdateInfosForWriteCmd_From] Add new Write CMD Info for CmdCode 00B0
[2025-12-02 10:17:49.164] [SubSystem][UpdateInfosForWriteCmd_From] Add new Write CMD Info for CmdCode 00B0
[2025-12-02 10:17:49.166] [SubSystem][UpdateInfosForWriteCmd_From] Add new Write CMD Info for CmdCode 00B0
[2025-12-02 10:17:49.167] [SubSystem][UpdateInfosForWriteCmd_From] Add new Write CMD Info for CmdCode 00B0
[2025-12-02 10:17:49.168] [SubSystem][UpdateInfosForWriteCmd_From] Add new Write CMD Info for CmdCode 00B1
[2025-12-02 10:17:49.170] [SubSystem][UpdateInfosForWriteCmd_From] Add new Write CMD Info for CmdCode 00B1
[2025-12-02 10:17:49.171] [SubSystem][UpdateInfosForWriteCmd_From] Add new Write CMD Info for CmdCode 00B1
[2025-12-02 10:17:49.172] [SubSystem][UpdateInfosForWriteCmd_From] Add new Write CMD Info for CmdCode 00B1
[2025-12-02 10:17:49.173] [SubSystem][UpdateInfosForWriteCmd_From] Add new Write CMD Info for CmdCode 00B2
[2025-12-02 10:17:49.173] [SubSystem][UpdateInfosForWriteCmd_From] Add new Write CMD Info for CmdCode 00B2
[2025-12-02 10:17:49.174] [SubSystem][UpdateInfosForWriteCmd_From] Add new Write CMD Info for CmdCode 00B2
[2025-12-02 10:17:49.176] [SubSystem][UpdateInfosForWriteCmd_From] Add new Write CMD Info for CmdCode 00B2
[2025-12-02 10:17:49.177] [SubSystem][UpdateInfosForWriteCmd_From] Add new Write CMD Info for CmdCode 00B3
[2025-12-02 10:17:49.178] [SubSystem][UpdateInfosForWriteCmd_From] Add new Write CMD Info for CmdCode 00B3
[2025-12-02 10:17:49.179] [SubSystem][UpdateInfosForWriteCmd_From] Add new Write CMD Info for CmdCode 00B3
[2025-12-02 10:17:49.180] [SubSystem][UpdateInfosForWriteCmd_From] Add new Write CMD Info for CmdCode 00B3
[2025-12-02 10:17:49.181] [SubSystem][UpdateInfosForWriteCmd_From] Add new Write CMD Info for CmdCode 00B4
[2025-12-02 10:17:49.183] [SubSystem][UpdateInfosForWriteCmd_From] Add new Write CMD Info for CmdCode 00B4
[2025-12-02 10:17:49.184] [SubSystem][UpdateInfosForWriteCmd_From] Add new Write CMD Info for CmdCode 00B4
[2025-12-02 10:17:49.185] [SubSystem][UpdateInfosForWriteCmd_From] Add new Write CMD Info for CmdCode 00B4
[2025-12-02 10:17:49.187] [SubSystem][UpdateInfosForWriteCmd_From] Add new Write CMD Info for CmdCode 00B5
[2025-12-02 10:17:49.188] [SubSystem][UpdateInfosForWriteCmd_From] Add new Write CMD Info for CmdCode 00B5
[2025-12-02 10:17:49.189] [SubSystem][UpdateInfosForWriteCmd_From] Add new Write CMD Info for CmdCode 00B5
[2025-12-02 10:17:49.191] [SubSystem][UpdateInfosForWriteCmd_From] Add new Write CMD Info for CmdCode 00B5
[2025-12-02 10:17:49.192] [SubSystem][UpdateInfosForWriteCmd_From] Add new Write CMD Info for CmdCode 00B6
[2025-12-02 10:17:49.193] [SubSystem][UpdateInfosForWriteCmd_From] Add new Write CMD Info for CmdCode 00B6
[2025-12-02 10:17:49.194] [SubSystem][UpdateInfosForWriteCmd_From] Add new Write CMD Info for CmdCode 00B6
[2025-12-02 10:17:49.195] [SubSystem][UpdateInfosForWriteCmd_From] Add new Write CMD Info for CmdCode 00B6
[2025-12-02 10:17:49.197] [SubSystem][UpdateInfosForWriteCmd_From] Add new Write CMD Info for CmdCode 00B7
[2025-12-02 10:17:49.198] [SubSystem][UpdateInfosForWriteCmd_From] Add new Write CMD Info for CmdCode 00B7
[2025-12-02 10:17:49.199] [SubSystem][UpdateInfosForWriteCmd_From] Add new Write CMD Info for CmdCode 00B7
[2025-12-02 10:17:49.200] [SubSystem][UpdateInfosForWriteCmd_From] Add new Write CMD Info for CmdCode 00B7
[2025-12-02 10:17:49.201] [SubSystem][UpdateInfosForWriteCmd_From] Add new Write CMD Info for CmdCode 00B9
[2025-12-02 10:17:49.203] [SubSystem][UpdateInfosForWriteCmd_From] Add new Write CMD Info for CmdCode 00B9
[2025-12-02 10:17:49.204] [SubSystem][UpdateInfosForWriteCmd_From] Add new Write CMD Info for CmdCode 00B9
[2025-12-02 10:17:49.205] [SubSystem][UpdateInfosForWriteCmd_From] Add new Write CMD Info for CmdCode 00B9
[2025-12-02 10:17:49.207] [SubSystem][UpdateInfosForWriteCmd_From] Add new Write CMD Info for CmdCode 00BA
[2025-12-02 10:17:49.208] [SubSystem][UpdateInfosForWriteCmd_From] Add new Write CMD Info for CmdCode 00BA
[2025-12-02 10:17:49.209] [SubSystem][UpdateInfosForWriteCmd_From] Add new Write CMD Info for CmdCode 00BA
[2025-12-02 10:17:49.209] [SubSystem][UpdateInfosForWriteCmd_From] Add new Write CMD Info for CmdCode 00BA
[2025-12-02 10:17:49.211] [SubSystem][UpdateInfosForWriteCmd_From] Add new Write CMD Info for CmdCode 00BB
[2025-12-02 10:17:49.212] [SubSystem][UpdateInfosForWriteCmd_From] Add new Write CMD Info for CmdCode 00BB
[2025-12-02 10:17:49.214] [SubSystem][UpdateInfosForWriteCmd_From] Add new Write CMD Info for CmdCode 00BB
[2025-12-02 10:17:49.215] [SubSystem][UpdateInfosForWriteCmd_From] Add new Write CMD Info for CmdCode 00BB
[2025-12-02 10:17:49.216] [SubSystem][UpdateInfosForWriteCmd_From] Add new Write CMD Info for CmdCode 00BC
[2025-12-02 10:17:49.217] [SubSystem][UpdateInfosForWriteCmd_From] Add new Write CMD Info for CmdCode 00BC
[2025-12-02 10:17:49.219] [SubSystem][UpdateInfosForWriteCmd_From] Add new Write CMD Info for CmdCode 00BC
[2025-12-02 10:17:49.220] [SubSystem][UpdateInfosForWriteCmd_From] Add new Write CMD Info for CmdCode 00BC
[2025-12-02 10:17:49.221] [SubSystem][UpdateInfosForWriteCmd_From] Add new Write CMD Info for CmdCode 00C2
[2025-12-02 10:17:49.223] [SubSystem][UpdateInfosForWriteCmd_From] Add new Write CMD Info for CmdCode 00C2
[2025-12-02 10:17:49.224] [SubSystem][UpdateInfosForWriteCmd_From] Add new Write CMD Info for CmdCode 00C2
[2025-12-02 10:17:49.225] [SubSystem][UpdateInfosForWriteCmd_From] Add new Write CMD Info for CmdCode 00C2
[2025-12-02 10:17:49.227] [SubSystem][UpdateInfosForWriteCmd_From] Add new Write CMD Info for CmdCode 0100
[2025-12-02 10:17:49.228] [SubSystem][UpdateInfosForWriteCmd_From] Add new Write CMD Info for CmdCode 0100
[2025-12-02 10:17:49.230] [SubSystem][UpdateInfosForWriteCmd_From] Add new Write CMD Info for CmdCode 0100
[2025-12-02 10:17:49.231] [SubSystem][UpdateInfosForWriteCmd_From] Add new Write CMD Info for CmdCode 0100
[2025-12-02 10:17:49.232] [SubSystem][UpdateInfosForWriteCmd_From] Add new Write CMD Info for CmdCode 0101
[2025-12-02 10:17:49.234] [SubSystem][UpdateInfosForWriteCmd_From] Add new Write CMD Info for CmdCode 0101
[2025-12-02 10:17:49.236] [SubSystem][UpdateInfosForWriteCmd_From] Add new Write CMD Info for CmdCode 0101
[2025-12-02 10:17:49.237] [SubSystem][UpdateInfosForWriteCmd_From] Add new Write CMD Info for CmdCode 0101
[2025-12-02 10:17:49.239] [SubSystem][UpdateInfosForWriteCmd_From] Add new Write CMD Info for CmdCode 0102
[2025-12-02 10:17:49.240] [SubSystem][UpdateInfosForWriteCmd_From] Add new Write CMD Info for CmdCode 0102
[2025-12-02 10:17:49.241] [SubSystem][UpdateInfosForWriteCmd_From] Add new Write CMD Info for CmdCode 0102
[2025-12-02 10:17:49.242] [SubSystem][UpdateInfosForWriteCmd_From] Add new Write CMD Info for CmdCode 0102
[2025-12-02 10:17:49.244] [SubSystem][UpdateInfosForWriteCmd_From] Add new Write CMD Info for CmdCode 0103
[2025-12-02 10:17:49.245] [SubSystem][UpdateInfosForWriteCmd_From] Add new Write CMD Info for CmdCode 0103
[2025-12-02 10:17:49.246] [SubSystem][UpdateInfosForWriteCmd_From] Add new Write CMD Info for CmdCode 0103
[2025-12-02 10:17:49.247] [SubSystem][UpdateInfosForWriteCmd_From] Add new Write CMD Info for CmdCode 0103
[2025-12-02 10:17:49.253] [SubSystem][UpdateInfosForWriteCmd_From] done for (port, protocol) = (MOD2, NTN-5K_MOD.json)
[2025-12-02 10:17:49.253] [SubSystem][UpdateInfosForWriteCmd_From] done for (port, protocol) = (MOD1, NTN-5K_MOD.json)
[2025-12-02 10:17:49.253] [SubSystem][UpdateInfosForWriteCmd_From] done for (port, protocol) = (CAN1, NTN-5K_CAN.json)
[2025-12-02 10:17:49.253] [SubSystem][UpdateInfosForWriteCmd_From] done for (port, protocol) = (CAN2, NTN-5K_CAN.json)
[2025-12-02 10:17:49.264] [SubSystem][Update_ReadCmdFormat] Start for (port, protocol) = (MOD2, NTN-5K_MOD.json)
[2025-12-02 10:17:49.264] [SubSystem][Update_ReadCmdFormat] Start for (port, protocol) = (MOD1, NTN-5K_MOD.json)
[2025-12-02 10:17:49.266] [SubSystem][Update_ReadCmdFormat] ReadCmd Format Updated: CmdName=BAT_ALM_VOLT, Unit=V, StoredUnit=V, CmdCode=0x00B9, StoredCmdName=BAT_ALM_VOLT
[2025-12-02 10:17:49.266] [SubSystem][Update_ReadCmdFormat] Start for (port, protocol) = (CAN2, NTN-5K_CAN.json)
[2025-12-02 10:17:49.266] [SubSystem][Update_ReadCmdFormat] Start for (port, protocol) = (CAN1, NTN-5K_CAN.json)
[2025-12-02 10:17:49.268] [SubSystem][Update_ReadCmdFormat] ReadCmd Format Updated: CmdName=BAT_ALM_VOLT, Unit=V, StoredUnit=V, CmdCode=0x00B9, StoredCmdName=BAT_ALM_VOLT
[2025-12-02 10:17:49.269] [SubSystem][Update_ReadCmdFormat] ReadCmd Format Updated: CmdName=BAT_OV_ALM_VOLT, Unit=V, StoredUnit=V, CmdCode=, StoredCmdName=READ_TC_SETVALUE
[2025-12-02 10:17:49.270] [SubSystem][Update_ReadCmdFormat] ReadCmd Format Updated: CmdName=BAT_ALM_VOLT, Unit=V, StoredUnit=V, CmdCode=0x00B9, StoredCmdName=BAT_ALM_VOLT
[2025-12-02 10:17:49.272] [SubSystem][Update_ReadCmdFormat] ReadCmd Format Updated: CmdName=BAT_ALM_VOLT, Unit=V, StoredUnit=V, CmdCode=0x00B9, StoredCmdName=BAT_ALM_VOLT
[2025-12-02 10:17:49.273] [SubSystem][Update_ReadCmdFormat] ReadCmd Format Updated: CmdName=BAT_OV_ALM_VOLT, Unit=V, StoredUnit=V, CmdCode=, StoredCmdName=READ_TC_SETVALUE
[2025-12-02 10:17:49.275] [SubSystem][Update_ReadCmdFormat] ReadCmd Format Updated: CmdName=BAT_RCHG_VOLT, Unit=V, StoredUnit=V, CmdCode=0x00BB, StoredCmdName=BAT_RCHG_VOLT
[2025-12-02 10:17:49.276] [SubSystem][Update_ReadCmdFormat] ReadCmd Format Updated: CmdName=BAT_OV_ALM_VOLT, Unit=V, StoredUnit=V, CmdCode=, StoredCmdName=READ_TC_SETVALUE
[2025-12-02 10:17:49.277] [SubSystem][Update_ReadCmdFormat] ReadCmd Format Updated: CmdName=BAT_OV_ALM_VOLT, Unit=V, StoredUnit=V, CmdCode=, StoredCmdName=READ_TC_SETVALUE
[2025-12-02 10:17:49.279] [SubSystem][Update_ReadCmdFormat] ReadCmd Format Updated: CmdName=BAT_RCHG_VOLT, Unit=V, StoredUnit=V, CmdCode=0x00BB, StoredCmdName=BAT_RCHG_VOLT
[2025-12-02 10:17:49.280] [SubSystem][Update_ReadCmdFormat] ReadCmd Format Updated: CmdName=BAT_SHDN_VOLT, Unit=V, StoredUnit=V, CmdCode=0x00BA, StoredCmdName=BAT_SHDN_VOLT
[2025-12-02 10:17:49.282] [SubSystem][Update_ReadCmdFormat] ReadCmd Format Updated: CmdName=BAT_RCHG_VOLT, Unit=V, StoredUnit=V, CmdCode=0x00BB, StoredCmdName=BAT_RCHG_VOLT
[2025-12-02 10:17:49.283] [SubSystem][Update_ReadCmdFormat] ReadCmd Format Updated: CmdName=BAT_RCHG_VOLT, Unit=V, StoredUnit=V, CmdCode=0x00BB, StoredCmdName=BAT_RCHG_VOLT
[2025-12-02 10:17:49.285] [SubSystem][Update_ReadCmdFormat] ReadCmd Format Updated: CmdName=BAT_SHDN_VOLT, Unit=V, StoredUnit=V, CmdCode=0x00BA, StoredCmdName=BAT_SHDN_VOLT
[2025-12-02 10:17:49.286] [SubSystem][Update_ReadCmdFormat] ReadCmd Format Updated: CmdName=CHG_STATUS, Unit=, StoredUnit=, CmdCode=0x00B8, StoredCmdName=CHG_STATUS
[2025-12-02 10:17:49.288] [SubSystem][Update_ReadCmdFormat] ReadCmd Format Updated: CmdName=BAT_SHDN_VOLT, Unit=V, StoredUnit=V, CmdCode=0x00BA, StoredCmdName=BAT_SHDN_VOLT
[2025-12-02 10:17:49.290] [SubSystem][Update_ReadCmdFormat] ReadCmd Format Updated: CmdName=BAT_SHDN_VOLT, Unit=V, StoredUnit=V, CmdCode=0x00BA, StoredCmdName=BAT_SHDN_VOLT
[2025-12-02 10:17:49.291] [SubSystem][Update_ReadCmdFormat] ReadCmd Format Updated: CmdName=CHG_STATUS, Unit=, StoredUnit=, CmdCode=0x00B8, StoredCmdName=CHG_STATUS
[2025-12-02 10:17:49.293] [SubSystem][Update_ReadCmdFormat] ReadCmd Format Updated: CmdName=CURVE_CC, Unit=A, StoredUnit=A, CmdCode=0x00B0, StoredCmdName=CURVE_CC
[2025-12-02 10:17:49.294] [SubSystem][Update_ReadCmdFormat] ReadCmd Format Updated: CmdName=CHG_STATUS, Unit=, StoredUnit=, CmdCode=0x00B8, StoredCmdName=CHG_STATUS
[2025-12-02 10:17:49.295] [SubSystem][Update_ReadCmdFormat] ReadCmd Format Updated: CmdName=CHG_STATUS, Unit=, StoredUnit=, CmdCode=0x00B8, StoredCmdName=CHG_STATUS
[2025-12-02 10:17:49.297] [SubSystem][Update_ReadCmdFormat] ReadCmd Format Updated: CmdName=CURVE_CC, Unit=A, StoredUnit=A, CmdCode=0x00B0, StoredCmdName=CURVE_CC
[2025-12-02 10:17:49.298] [SubSystem][Update_ReadCmdFormat] ReadCmd Format Updated: CmdName=CURVE_CC_TIMEOUT, Unit=Sec, StoredUnit=Sec, CmdCode=0x00B5, StoredCmdName=CURVE_CC_TIMEOUT
[2025-12-02 10:17:49.299] [SubSystem][Update_ReadCmdFormat] ReadCmd Format Updated: CmdName=CURVE_CC, Unit=A, StoredUnit=A, CmdCode=0x00B0, StoredCmdName=CURVE_CC
[2025-12-02 10:17:49.301] [SubSystem][Update_ReadCmdFormat] ReadCmd Format Updated: CmdName=CURVE_CC, Unit=A, StoredUnit=A, CmdCode=0x00B0, StoredCmdName=CURVE_CC
[2025-12-02 10:17:49.302] [SubSystem][Update_ReadCmdFormat] ReadCmd Format Updated: CmdName=CURVE_CC_TIMEOUT, Unit=Sec, StoredUnit=Sec, CmdCode=0x00B5, StoredCmdName=CURVE_CC_TIMEOUT
[2025-12-02 10:17:49.304] [SubSystem][Update_ReadCmdFormat] ReadCmd Format Updated: CmdName=CURVE_CONFIG, Unit=, StoredUnit=, CmdCode=0x00B4, StoredCmdName=CURVE_CONFIG
[2025-12-02 10:17:49.306] [SubSystem][Update_ReadCmdFormat] ReadCmd Format Updated: CmdName=CURVE_CC_TIMEOUT, Unit=Sec, StoredUnit=Sec, CmdCode=0x00B5, StoredCmdName=CURVE_CC_TIMEOUT
[2025-12-02 10:17:49.307] [SubSystem][Update_ReadCmdFormat] ReadCmd Format Updated: CmdName=CURVE_CC_TIMEOUT, Unit=Sec, StoredUnit=Sec, CmdCode=0x00B5, StoredCmdName=CURVE_CC_TIMEOUT
[2025-12-02 10:17:49.308] [SubSystem][Update_ReadCmdFormat] ReadCmd Format Updated: CmdName=CURVE_CONFIG, Unit=, StoredUnit=, CmdCode=0x00B4, StoredCmdName=CURVE_CONFIG
[2025-12-02 10:17:49.310] [SubSystem][Update_ReadCmdFormat] ReadCmd Format Updated: CmdName=CURVE_CV, Unit=V, StoredUnit=V, CmdCode=0x00B1, StoredCmdName=CURVE_CV
[2025-12-02 10:17:49.312] [SubSystem][Update_ReadCmdFormat] ReadCmd Format Updated: CmdName=CURVE_CONFIG, Unit=, StoredUnit=, CmdCode=0x00B4, StoredCmdName=CURVE_CONFIG
[2025-12-02 10:17:49.313] [SubSystem][Update_ReadCmdFormat] ReadCmd Format Updated: CmdName=CURVE_CONFIG, Unit=, StoredUnit=, CmdCode=0x00B4, StoredCmdName=CURVE_CONFIG
[2025-12-02 10:17:49.315] [SubSystem][Update_ReadCmdFormat] ReadCmd Format Updated: CmdName=CURVE_CV, Unit=V, StoredUnit=V, CmdCode=0x00B1, StoredCmdName=CURVE_CV
[2025-12-02 10:17:49.317] [SubSystem][Update_ReadCmdFormat] ReadCmd Format Updated: CmdName=CURVE_CV_TIMEOUT, Unit=Sec, StoredUnit=Sec, CmdCode=0x00B6, StoredCmdName=CURVE_CV_TIMEOUT
[2025-12-02 10:17:49.318] [SubSystem][Update_ReadCmdFormat] ReadCmd Format Updated: CmdName=CURVE_CV, Unit=V, StoredUnit=V, CmdCode=0x00B1, StoredCmdName=CURVE_CV
[2025-12-02 10:17:49.320] [SubSystem][Update_ReadCmdFormat] ReadCmd Format Updated: CmdName=CURVE_CV, Unit=V, StoredUnit=V, CmdCode=0x00B1, StoredCmdName=CURVE_CV
[2025-12-02 10:17:49.321] [SubSystem][Update_ReadCmdFormat] ReadCmd Format Updated: CmdName=CURVE_CV_TIMEOUT, Unit=Sec, StoredUnit=Sec, CmdCode=0x00B6, StoredCmdName=CURVE_CV_TIMEOUT
[2025-12-02 10:17:49.322] [SubSystem][Update_ReadCmdFormat] ReadCmd Format Updated: CmdName=CURVE_FV, Unit=V, StoredUnit=V, CmdCode=0x00B2, StoredCmdName=CURVE_FV
[2025-12-02 10:17:49.324] [SubSystem][Update_ReadCmdFormat] ReadCmd Format Updated: CmdName=CURVE_CV_TIMEOUT, Unit=Sec, StoredUnit=Sec, CmdCode=0x00B6, StoredCmdName=CURVE_CV_TIMEOUT
[2025-12-02 10:17:49.328] [SubSystem][Update_ReadCmdFormat] ReadCmd Format Updated: CmdName=CURVE_CV_TIMEOUT, Unit=Sec, StoredUnit=Sec, CmdCode=0x00B6, StoredCmdName=CURVE_CV_TIMEOUT
[2025-12-02 10:17:49.329] [SubSystem][Update_ReadCmdFormat] ReadCmd Format Updated: CmdName=CURVE_FV, Unit=V, StoredUnit=V, CmdCode=0x00B2, StoredCmdName=CURVE_FV
[2025-12-02 10:17:49.331] [SubSystem][Update_ReadCmdFormat] ReadCmd Format Updated: CmdName=CURVE_FV_TIMEOUT, Unit=Sec, StoredUnit=Sec, CmdCode=0x00B7, StoredCmdName=CURVE_FV_TIMEOUT
[2025-12-02 10:17:49.332] [SubSystem][Update_ReadCmdFormat] ReadCmd Format Updated: CmdName=CURVE_FV, Unit=V, StoredUnit=V, CmdCode=0x00B2, StoredCmdName=CURVE_FV
[2025-12-02 10:17:49.334] [SubSystem][Update_ReadCmdFormat] ReadCmd Format Updated: CmdName=CURVE_FV, Unit=V, StoredUnit=V, CmdCode=0x00B2, StoredCmdName=CURVE_FV
[2025-12-02 10:17:49.336] [SubSystem][Update_ReadCmdFormat] ReadCmd Format Updated: CmdName=CURVE_FV_TIMEOUT, Unit=Sec, StoredUnit=Sec, CmdCode=0x00B7, StoredCmdName=CURVE_FV_TIMEOUT
[2025-12-02 10:17:49.337] [SubSystem][Update_ReadCmdFormat] ReadCmd Format Updated: CmdName=CURVE_TC, Unit=A, StoredUnit=A, CmdCode=0x00B3, StoredCmdName=CURVE_TC
[2025-12-02 10:17:49.339] [SubSystem][Update_ReadCmdFormat] ReadCmd Format Updated: CmdName=CURVE_FV_TIMEOUT, Unit=Sec, StoredUnit=Sec, CmdCode=0x00B7, StoredCmdName=CURVE_FV_TIMEOUT
[2025-12-02 10:17:49.340] [SubSystem][Update_ReadCmdFormat] ReadCmd Format Updated: CmdName=CURVE_FV_TIMEOUT, Unit=Sec, StoredUnit=Sec, CmdCode=0x00B7, StoredCmdName=CURVE_FV_TIMEOUT
[2025-12-02 10:17:49.342] [SubSystem][Update_ReadCmdFormat] ReadCmd Format Updated: CmdName=CURVE_TC, Unit=A, StoredUnit=A, CmdCode=0x00B3, StoredCmdName=CURVE_TC
[2025-12-02 10:17:49.343] [SubSystem][Update_ReadCmdFormat] ReadCmd Format Updated: CmdName=INV_CONFIG, Unit=, StoredUnit=, CmdCode=0x0101, StoredCmdName=INV_CONFIG
[2025-12-02 10:17:49.345] [SubSystem][Update_ReadCmdFormat] ReadCmd Format Updated: CmdName=CURVE_TC, Unit=A, StoredUnit=A, CmdCode=0x00B3, StoredCmdName=CURVE_TC
[2025-12-02 10:17:49.347] [SubSystem][Update_ReadCmdFormat] ReadCmd Format Updated: CmdName=CURVE_TC, Unit=A, StoredUnit=A, CmdCode=0x00B3, StoredCmdName=CURVE_TC
[2025-12-02 10:17:49.349] [SubSystem][Update_ReadCmdFormat] ReadCmd Format Updated: CmdName=INV_CONFIG, Unit=, StoredUnit=, CmdCode=0x0101, StoredCmdName=INV_CONFIG
[2025-12-02 10:17:49.350] [SubSystem][Update_ReadCmdFormat] ReadCmd Format Updated: CmdName=INV_FAULT, Unit=, StoredUnit=, CmdCode=0x011E, StoredCmdName=INV_FAULT
[2025-12-02 10:17:49.352] [SubSystem][Update_ReadCmdFormat] ReadCmd Format Updated: CmdName=INV_CONFIG, Unit=, StoredUnit=, CmdCode=0x0101, StoredCmdName=INV_CONFIG
[2025-12-02 10:17:49.353] [SubSystem][Update_ReadCmdFormat] ReadCmd Format Updated: CmdName=INV_CONFIG, Unit=, StoredUnit=, CmdCode=0x0101, StoredCmdName=INV_CONFIG
[2025-12-02 10:17:49.355] [SubSystem][Update_ReadCmdFormat] ReadCmd Format Updated: CmdName=INV_FAULT, Unit=, StoredUnit=, CmdCode=0x011E, StoredCmdName=INV_FAULT
[2025-12-02 10:17:49.356] [SubSystem][Update_ReadCmdFormat] ReadCmd Format Updated: CmdName=INV_OPERATION, Unit=, StoredUnit=, CmdCode=0x0100, StoredCmdName=INV_OPERATION
[2025-12-02 10:17:49.358] [SubSystem][Update_ReadCmdFormat] ReadCmd Format Updated: CmdName=INV_FAULT, Unit=, StoredUnit=, CmdCode=0x011E, StoredCmdName=INV_FAULT
[2025-12-02 10:17:49.360] [PollingRead][FireAndForgetTask] oneSubSys_FireAndForgetLock is being used (port, protocol) = (CAN1, NTN-5K_CAN.json)
[2025-12-02 10:17:49.360] [PollingRead][FireAndForgetTask] oneSubSys_FireAndForgetLock is being used (port, protocol) = (CAN1, NTN-5K_CAN.json)
[2025-12-02 10:17:49.360] [PollingRead][FireAndForgetTask] oneSubSys_FireAndForgetLock is being used (port, protocol) = (MOD2, NTN-5K_MOD.json)
[2025-12-02 10:17:49.360] [PollingRead][FireAndForgetTask] oneSubSys_FireAndForgetLock is being used (port, protocol) = (CAN2, NTN-5K_CAN.json)
[2025-12-02 10:17:49.360] [SubSystem][Update_ReadCmdFormat] ReadCmd Format Updated: CmdName=INV_FAULT, Unit=, StoredUnit=, CmdCode=0x011E, StoredCmdName=INV_FAULT
[2025-12-02 10:17:49.360] [PollingRead][FireAndForgetTask] oneSubSys_FireAndForgetLock is being used (port, protocol) = (MOD1, NTN-5K_MOD.json)
[2025-12-02 10:17:49.362] [SubSystem][Update_ReadCmdFormat] ReadCmd Format Updated: CmdName=INV_OPERATION, Unit=, StoredUnit=, CmdCode=0x0100, StoredCmdName=INV_OPERATION
[2025-12-02 10:17:49.364] [SubSystem][Update_ReadCmdFormat] ReadCmd Format Updated: CmdName=INV_STATUS, Unit=, StoredUnit=, CmdCode=0x011D, StoredCmdName=INV_STATUS
[2025-12-02 10:17:49.366] [SubSystem][Update_ReadCmdFormat] ReadCmd Format Updated: CmdName=INV_OPERATION, Unit=, StoredUnit=, CmdCode=0x0100, StoredCmdName=INV_OPERATION
[2025-12-02 10:17:49.374] [SubSystem][Update_ReadCmdFormat] ReadCmd Format Updated: CmdName=INV_OPERATION, Unit=, StoredUnit=, CmdCode=0x0100, StoredCmdName=INV_OPERATION
[2025-12-02 10:17:49.378] [SubSystem][Update_ReadCmdFormat] ReadCmd Format Updated: CmdName=INV_STATUS, Unit=, StoredUnit=, CmdCode=0x011D, StoredCmdName=INV_STATUS
[2025-12-02 10:17:49.380] [SubSystem][Update_ReadCmdFormat] ReadCmd Format Updated: CmdName=MFR_DATE, Unit=, StoredUnit=, CmdCode=0x0086, StoredCmdName=MFR_MODEL
[2025-12-02 10:17:49.382] [SubSystem][Update_ReadCmdFormat] ReadCmd Format Updated: CmdName=INV_STATUS, Unit=, StoredUnit=, CmdCode=0x011D, StoredCmdName=INV_STATUS
[2025-12-02 10:17:49.384] [SubSystem][Update_ReadCmdFormat] ReadCmd Format Updated: CmdName=INV_STATUS, Unit=, StoredUnit=, CmdCode=0x011D, StoredCmdName=INV_STATUS
[2025-12-02 10:17:49.385] [SubSystem][Update_ReadCmdFormat] ReadCmd Format Updated: CmdName=MFR_DATE, Unit=, StoredUnit=, CmdCode=0x0086, StoredCmdName=MFR_MODEL
[2025-12-02 10:17:49.387] [SubSystem][Update_ReadCmdFormat] ReadCmd Format Updated: CmdName=MFR_ID, Unit=, StoredUnit=, CmdCode=0x0080, StoredCmdName=MFR_ID
[2025-12-02 10:17:49.389] [SubSystem][Update_ReadCmdFormat] ReadCmd Format Updated: CmdName=MFR_DATE, Unit=, StoredUnit=, CmdCode=0x0086, StoredCmdName=MFR_DATE
[2025-12-02 10:17:49.390] [SubSystem][Update_ReadCmdFormat] ReadCmd Format Updated: CmdName=MFR_DATE, Unit=, StoredUnit=, CmdCode=0x0086, StoredCmdName=MFR_DATE
[2025-12-02 10:17:49.392] [SubSystem][Update_ReadCmdFormat] ReadCmd Format Updated: CmdName=MFR_ID, Unit=, StoredUnit=, CmdCode=0x0080, StoredCmdName=MFR_ID
[2025-12-02 10:17:49.394] [SubSystem][Update_ReadCmdFormat] ReadCmd Format Updated: CmdName=MFR_LOCATION, Unit=, StoredUnit=, CmdCode=0x0085, StoredCmdName=MFR_LOCATION
[2025-12-02 10:17:49.396] [SubSystem][Update_ReadCmdFormat] ReadCmd Format Updated: CmdName=MFR_ID, Unit=, StoredUnit=, CmdCode=0x0080, StoredCmdName=MFR_ID
[2025-12-02 10:17:49.397] [SubSystem][Update_ReadCmdFormat] ReadCmd Format Updated: CmdName=MFR_ID, Unit=, StoredUnit=, CmdCode=0x0080, StoredCmdName=MFR_ID
[2025-12-02 10:17:49.399] [SubSystem][Update_ReadCmdFormat] ReadCmd Format Updated: CmdName=MFR_LOCATION, Unit=, StoredUnit=, CmdCode=0x0085, StoredCmdName=MFR_LOCATION
[2025-12-02 10:17:49.401] [SubSystem][Update_ReadCmdFormat] ReadCmd Format Updated: CmdName=MFR_MODEL, Unit=, StoredUnit=, CmdCode=0x0086, StoredCmdName=MFR_MODEL
[2025-12-02 10:17:49.403] [SubSystem][Update_ReadCmdFormat] ReadCmd Format Updated: CmdName=MFR_LOCATION, Unit=, StoredUnit=, CmdCode=0x0085, StoredCmdName=MFR_LOCATION
[2025-12-02 10:17:49.405] [SubSystem][Update_ReadCmdFormat] ReadCmd Format Updated: CmdName=MFR_LOCATION, Unit=, StoredUnit=, CmdCode=0x0085, StoredCmdName=MFR_LOCATION
[2025-12-02 10:17:49.407] [SubSystem][Update_ReadCmdFormat] ReadCmd Format Updated: CmdName=MFR_MODEL, Unit=, StoredUnit=, CmdCode=0x0086, StoredCmdName=MFR_MODEL
[2025-12-02 10:17:49.409] [SubSystem][Update_ReadCmdFormat] ReadCmd Format Updated: CmdName=MFR_REVISION_B0B5, Unit=, StoredUnit=, CmdCode=0x008C, StoredCmdName=MFR_REVISION_B0B5
[2025-12-02 10:17:49.411] [SubSystem][Update_ReadCmdFormat] ReadCmd Format Updated: CmdName=MFR_MODEL, Unit=, StoredUnit=, CmdCode=0x0082, StoredCmdName=MFR_MODEL
[2025-12-02 10:17:49.412] [SubSystem][Update_ReadCmdFormat] ReadCmd Format Updated: CmdName=MFR_MODEL, Unit=, StoredUnit=, CmdCode=0x0082, StoredCmdName=MFR_MODEL
[2025-12-02 10:17:49.415] [SubSystem][Update_ReadCmdFormat] ReadCmd Format Updated: CmdName=MFR_REVISION_B0B5, Unit=, StoredUnit=, CmdCode=0x008C, StoredCmdName=MFR_REVISION_B0B5
[2025-12-02 10:17:49.417] [SubSystem][Update_ReadCmdFormat] ReadCmd Format Updated: CmdName=MFR_SERIAL, Unit=, StoredUnit=, CmdCode=0x0087, StoredCmdName=MFR_SERIAL
[2025-12-02 10:17:49.418] [SubSystem][Update_ReadCmdFormat] ReadCmd Format Updated: CmdName=MFR_REVISION_B0B5, Unit=, StoredUnit=, CmdCode=0x0084, StoredCmdName=MFR_REVISION_B0B5
[2025-12-02 10:17:49.420] [SubSystem][Update_ReadCmdFormat] ReadCmd Format Updated: CmdName=MFR_REVISION_B0B5, Unit=, StoredUnit=, CmdCode=0x0084, StoredCmdName=MFR_REVISION_B0B5
[2025-12-02 10:17:49.423] [SubSystem][Update_ReadCmdFormat] ReadCmd Format Updated: CmdName=MFR_SERIAL, Unit=, StoredUnit=, CmdCode=0x0087, StoredCmdName=MFR_SERIAL
[2025-12-02 10:17:49.425] [SubSystem][Update_ReadCmdFormat] ReadCmd Format Updated: CmdName=Output_ACF_Set, Unit=, StoredUnit=, CmdCode=0x0103, StoredCmdName=Output_ACF_Set
[2025-12-02 10:17:49.427] [SubSystem][Update_ReadCmdFormat] ReadCmd Format Updated: CmdName=MFR_SERIAL, Unit=, StoredUnit=, CmdCode=0x0087, StoredCmdName=MFR_SERIAL
[2025-12-02 10:17:49.429] [SubSystem][Update_ReadCmdFormat] ReadCmd Format Updated: CmdName=MFR_SERIAL, Unit=, StoredUnit=, CmdCode=0x0087, StoredCmdName=MFR_SERIAL
[2025-12-02 10:17:49.431] [SubSystem][Update_ReadCmdFormat] ReadCmd Format Updated: CmdName=Output_ACF_Set, Unit=, StoredUnit=, CmdCode=0x0103, StoredCmdName=Output_ACF_Set
[2025-12-02 10:17:49.433] [SubSystem][Update_ReadCmdFormat] ReadCmd Format Updated: CmdName=Output_ACV_Set, Unit=, StoredUnit=, CmdCode=0x0102, StoredCmdName=Output_ACV_Set
[2025-12-02 10:17:49.435] [SubSystem][Update_ReadCmdFormat] ReadCmd Format Updated: CmdName=Output_ACF_Set, Unit=, StoredUnit=, CmdCode=0x0103, StoredCmdName=Output_ACF_Set
[2025-12-02 10:17:49.438] [SubSystem][Update_ReadCmdFormat] ReadCmd Format Updated: CmdName=Output_ACF_Set, Unit=, StoredUnit=, CmdCode=0x0103, StoredCmdName=Output_ACF_Set
[2025-12-02 10:17:49.440] [SubSystem][Update_ReadCmdFormat] ReadCmd Format Updated: CmdName=Output_ACV_Set, Unit=, StoredUnit=, CmdCode=0x0102, StoredCmdName=Output_ACV_Set
[2025-12-02 10:17:49.442] [SubSystem][Update_ReadCmdFormat] ReadCmd Format Updated: CmdName=READ_AC_FOUT, Unit=Hz, StoredUnit=Hz, CmdCode=0x0105, StoredCmdName=READ_AC_FOUT
[2025-12-02 10:17:49.444] [SubSystem][Update_ReadCmdFormat] ReadCmd Format Updated: CmdName=Output_ACV_Set, Unit=, StoredUnit=, CmdCode=0x0102, StoredCmdName=Output_ACV_Set
[2025-12-02 10:17:49.446] [SubSystem][Update_ReadCmdFormat] ReadCmd Format Updated: CmdName=Output_ACV_Set, Unit=, StoredUnit=, CmdCode=0x0102, StoredCmdName=Output_ACV_Set
[2025-12-02 10:17:49.448] [SubSystem][Update_ReadCmdFormat] ReadCmd Format Updated: CmdName=READ_AC_FOUT, Unit=Hz, StoredUnit=Hz, CmdCode=0x0105, StoredCmdName=READ_AC_FOUT
[2025-12-02 10:17:49.449] [SubSystem][Update_ReadCmdFormat] ReadCmd Format Updated: CmdName=READ_AC_IOUT, Unit=A, StoredUnit=A, CmdCode=0x012B, StoredCmdName=READ_AC_IOUT
[2025-12-02 10:17:49.451] [SubSystem][Update_ReadCmdFormat] ReadCmd Format Updated: CmdName=READ_AC_FOUT, Unit=Hz, StoredUnit=Hz, CmdCode=0x0105, StoredCmdName=READ_AC_FOUT
[2025-12-02 10:17:49.453] [SubSystem][Update_ReadCmdFormat] ReadCmd Format Updated: CmdName=READ_AC_FOUT, Unit=Hz, StoredUnit=Hz, CmdCode=0x0105, StoredCmdName=READ_AC_FOUT
[2025-12-02 10:17:49.455] [SubSystem][Update_ReadCmdFormat] ReadCmd Format Updated: CmdName=READ_AC_IOUT, Unit=A, StoredUnit=A, CmdCode=0x012B, StoredCmdName=READ_AC_IOUT
[2025-12-02 10:17:49.457] [SubSystem][Update_ReadCmdFormat] ReadCmd Format Updated: CmdName=READ_AC_VOUT, Unit=V, StoredUnit=V, CmdCode=0x0108, StoredCmdName=READ_AC_VOUT
[2025-12-02 10:17:49.459] [SubSystem][Update_ReadCmdFormat] ReadCmd Format Updated: CmdName=READ_AC_IOUT, Unit=A, StoredUnit=A, CmdCode=0x012B, StoredCmdName=READ_AC_IOUT
[2025-12-02 10:17:49.462] [SubSystem][Update_ReadCmdFormat] ReadCmd Format Updated: CmdName=READ_AC_IOUT, Unit=A, StoredUnit=A, CmdCode=0x012B, StoredCmdName=READ_AC_IOUT
[2025-12-02 10:17:49.463] [SubSystem][Update_ReadCmdFormat] ReadCmd Format Updated: CmdName=READ_AC_VOUT, Unit=V, StoredUnit=V, CmdCode=0x0108, StoredCmdName=READ_AC_VOUT
[2025-12-02 10:17:49.465] [SubSystem][Update_ReadCmdFormat] ReadCmd Format Updated: CmdName=READ_BAT_ALM_SETVALUE, Unit=, StoredUnit=, CmdCode=, StoredCmdName=READ_TC_SETVALUE
[2025-12-02 10:17:49.466] [SubSystem][Update_ReadCmdFormat] ReadCmd Format Updated: CmdName=READ_AC_VOUT, Unit=V, StoredUnit=V, CmdCode=0x0108, StoredCmdName=READ_AC_VOUT
[2025-12-02 10:17:49.468] [SubSystem][Update_ReadCmdFormat] ReadCmd Format Updated: CmdName=READ_AC_VOUT, Unit=V, StoredUnit=V, CmdCode=0x0108, StoredCmdName=READ_AC_VOUT
[2025-12-02 10:17:49.470] [SubSystem][Update_ReadCmdFormat] ReadCmd Format Updated: CmdName=READ_BAT_ALM_SETVALUE, Unit=, StoredUnit=, CmdCode=, StoredCmdName=READ_TC_SETVALUE
[2025-12-02 10:17:49.472] [SubSystem][Update_ReadCmdFormat] ReadCmd Format Updated: CmdName=READ_BAT_OV_ALM_SETVALUE, Unit=, StoredUnit=, CmdCode=, StoredCmdName=READ_TC_SETVALUE
[2025-12-02 10:17:49.474] [SubSystem][Update_ReadCmdFormat] ReadCmd Format Updated: CmdName=READ_BAT_ALM_SETVALUE, Unit=, StoredUnit=, CmdCode=, StoredCmdName=READ_TC_SETVALUE
[2025-12-02 10:17:49.476] [SubSystem][Update_ReadCmdFormat] ReadCmd Format Updated: CmdName=READ_BAT_ALM_SETVALUE, Unit=, StoredUnit=, CmdCode=, StoredCmdName=READ_TC_SETVALUE
[2025-12-02 10:17:49.477] [SubSystem][Update_ReadCmdFormat] ReadCmd Format Updated: CmdName=READ_BAT_OV_ALM_SETVALUE, Unit=, StoredUnit=, CmdCode=, StoredCmdName=READ_TC_SETVALUE
[2025-12-02 10:17:49.480] [SubSystem][Update_ReadCmdFormat] ReadCmd Format Updated: CmdName=READ_BAT_RCHG_SETVALUE, Unit=, StoredUnit=, CmdCode=, StoredCmdName=READ_TC_SETVALUE
[2025-12-02 10:17:49.482] [SubSystem][Update_ReadCmdFormat] ReadCmd Format Updated: CmdName=READ_BAT_OV_ALM_SETVALUE, Unit=, StoredUnit=, CmdCode=, StoredCmdName=READ_TC_SETVALUE
[2025-12-02 10:17:49.484] [SubSystem][Update_ReadCmdFormat] ReadCmd Format Updated: CmdName=READ_BAT_OV_ALM_SETVALUE, Unit=, StoredUnit=, CmdCode=, StoredCmdName=READ_TC_SETVALUE
[2025-12-02 10:17:49.486] [SubSystem][Update_ReadCmdFormat] ReadCmd Format Updated: CmdName=READ_BAT_RCHG_SETVALUE, Unit=, StoredUnit=, CmdCode=, StoredCmdName=READ_TC_SETVALUE
[2025-12-02 10:17:49.488] [SubSystem][Update_ReadCmdFormat] ReadCmd Format Updated: CmdName=READ_BAT_SHDN_SETVALUE, Unit=, StoredUnit=, CmdCode=, StoredCmdName=READ_TC_SETVALUE
[2025-12-02 10:17:49.491] [SubSystem][Update_ReadCmdFormat] ReadCmd Format Updated: CmdName=READ_BAT_RCHG_SETVALUE, Unit=, StoredUnit=, CmdCode=, StoredCmdName=READ_TC_SETVALUE
[2025-12-02 10:17:49.493] [SubSystem][Update_ReadCmdFormat] ReadCmd Format Updated: CmdName=READ_BAT_RCHG_SETVALUE, Unit=, StoredUnit=, CmdCode=, StoredCmdName=READ_TC_SETVALUE
[2025-12-02 10:17:49.494] [SubSystem][Update_ReadCmdFormat] ReadCmd Format Updated: CmdName=READ_BAT_SHDN_SETVALUE, Unit=, StoredUnit=, CmdCode=, StoredCmdName=READ_TC_SETVALUE
[2025-12-02 10:17:49.497] [SubSystem][Update_ReadCmdFormat] ReadCmd Format Updated: CmdName=READ_BP_VA, Unit=VA, StoredUnit=VA, CmdCode=0x0125, StoredCmdName=READ_BP_VA
[2025-12-02 10:17:49.499] [SubSystem][Update_ReadCmdFormat] ReadCmd Format Updated: CmdName=READ_BAT_SHDN_SETVALUE, Unit=, StoredUnit=, CmdCode=, StoredCmdName=READ_TC_SETVALUE
[2025-12-02 10:17:49.501] [SubSystem][Update_ReadCmdFormat] ReadCmd Format Updated: CmdName=READ_BAT_SHDN_SETVALUE, Unit=, StoredUnit=, CmdCode=, StoredCmdName=READ_TC_SETVALUE
[2025-12-02 10:17:49.503] [SubSystem][Update_ReadCmdFormat] ReadCmd Format Updated: CmdName=READ_BP_VA, Unit=VA, StoredUnit=VA, CmdCode=0x0125, StoredCmdName=READ_BP_VA
[2025-12-02 10:17:49.505] [SubSystem][Update_ReadCmdFormat] ReadCmd Format Updated: CmdName=READ_BP_WATT, Unit=W, StoredUnit=W, CmdCode=0x011F, StoredCmdName=READ_BP_WATT
[2025-12-02 10:17:49.507] [SubSystem][Update_ReadCmdFormat] ReadCmd Format Updated: CmdName=READ_BP_VA, Unit=VA, StoredUnit=VA, CmdCode=0x0125, StoredCmdName=READ_BP_VA
[2025-12-02 10:17:49.510] [SubSystem][Update_ReadCmdFormat] ReadCmd Format Updated: CmdName=READ_BP_VA, Unit=VA, StoredUnit=VA, CmdCode=0x0125, StoredCmdName=READ_BP_VA
[2025-12-02 10:17:49.512] [SubSystem][Update_ReadCmdFormat] ReadCmd Format Updated: CmdName=READ_BP_WATT, Unit=W, StoredUnit=W, CmdCode=0x011F, StoredCmdName=READ_BP_WATT
[2025-12-02 10:17:49.513] [SubSystem][Update_ReadCmdFormat] ReadCmd Format Updated: CmdName=READ_CC_SETVALUE, Unit=, StoredUnit=, CmdCode=, StoredCmdName=READ_TC_SETVALUE
[2025-12-02 10:17:49.515] [SubSystem][Update_ReadCmdFormat] ReadCmd Format Updated: CmdName=READ_BP_WATT, Unit=W, StoredUnit=W, CmdCode=0x011F, StoredCmdName=READ_BP_WATT
[2025-12-02 10:17:49.517] [SubSystem][Update_ReadCmdFormat] ReadCmd Format Updated: CmdName=READ_BP_WATT, Unit=W, StoredUnit=W, CmdCode=0x011F, StoredCmdName=READ_BP_WATT
[2025-12-02 10:17:49.520] [SubSystem][Update_ReadCmdFormat] ReadCmd Format Updated: CmdName=READ_CC_SETVALUE, Unit=, StoredUnit=, CmdCode=, StoredCmdName=READ_TC_SETVALUE
[2025-12-02 10:17:49.522] [SubSystem][Update_ReadCmdFormat] ReadCmd Format Updated: CmdName=READ_CHG_CURR, Unit=A, StoredUnit=A, CmdCode=0x011B, StoredCmdName=READ_CHG_CURR
[2025-12-02 10:17:49.524] [SubSystem][Update_ReadCmdFormat] ReadCmd Format Updated: CmdName=READ_CC_SETVALUE, Unit=, StoredUnit=, CmdCode=, StoredCmdName=READ_TC_SETVALUE
[2025-12-02 10:17:49.525] [SubSystem][Update_ReadCmdFormat] ReadCmd Format Updated: CmdName=READ_CC_SETVALUE, Unit=, StoredUnit=, CmdCode=, StoredCmdName=READ_TC_SETVALUE
[2025-12-02 10:17:49.528] [SubSystem][Update_ReadCmdFormat] ReadCmd Format Updated: CmdName=READ_CHG_CURR, Unit=A, StoredUnit=A, CmdCode=0x011B, StoredCmdName=READ_CHG_CURR
[2025-12-02 10:17:49.530] [SubSystem][Update_ReadCmdFormat] ReadCmd Format Updated: CmdName=READ_CV_SETVALUE, Unit=, StoredUnit=, CmdCode=, StoredCmdName=READ_TC_SETVALUE
[2025-12-02 10:17:49.532] [SubSystem][Update_ReadCmdFormat] ReadCmd Format Updated: CmdName=READ_CHG_CURR, Unit=A, StoredUnit=A, CmdCode=0x011B, StoredCmdName=READ_CHG_CURR
[2025-12-02 10:17:49.534] [SubSystem][Update_ReadCmdFormat] ReadCmd Format Updated: CmdName=READ_CHG_CURR, Unit=A, StoredUnit=A, CmdCode=0x011B, StoredCmdName=READ_CHG_CURR
[2025-12-02 10:17:49.536] [SubSystem][Update_ReadCmdFormat] ReadCmd Format Updated: CmdName=READ_CV_SETVALUE, Unit=, StoredUnit=, CmdCode=, StoredCmdName=READ_TC_SETVALUE
[2025-12-02 10:17:49.539] [SubSystem][Update_ReadCmdFormat] ReadCmd Format Updated: CmdName=READ_FAN_SPEED_1, Unit=RPM, StoredUnit=RPM, CmdCode=0x0070, StoredCmdName=READ_FAN_SPEED_1
[2025-12-02 10:17:49.541] [SubSystem][Update_ReadCmdFormat] ReadCmd Format Updated: CmdName=READ_CV_SETVALUE, Unit=, StoredUnit=, CmdCode=, StoredCmdName=READ_TC_SETVALUE
[2025-12-02 10:17:49.544] [SubSystem][Update_ReadCmdFormat] ReadCmd Format Updated: CmdName=READ_CV_SETVALUE, Unit=, StoredUnit=, CmdCode=, StoredCmdName=READ_TC_SETVALUE
[2025-12-02 10:17:49.546] [SubSystem][Update_ReadCmdFormat] ReadCmd Format Updated: CmdName=READ_FAN_SPEED_1, Unit=RPM, StoredUnit=RPM, CmdCode=0x0070, StoredCmdName=READ_FAN_SPEED_1
[2025-12-02 10:17:49.548] [SubSystem][Update_ReadCmdFormat] ReadCmd Format Updated: CmdName=READ_FAN_SPEED_2, Unit=RPM, StoredUnit=RPM, CmdCode=0x0071, StoredCmdName=READ_FAN_SPEED_2
[2025-12-02 10:17:49.551] [SubSystem][Update_ReadCmdFormat] ReadCmd Format Updated: CmdName=READ_FAN_SPEED_1, Unit=RPM, StoredUnit=RPM, CmdCode=0x0070, StoredCmdName=READ_FAN_SPEED_1
[2025-12-02 10:17:49.553] [SubSystem][Update_ReadCmdFormat] ReadCmd Format Updated: CmdName=READ_FAN_SPEED_1, Unit=RPM, StoredUnit=RPM, CmdCode=0x0070, StoredCmdName=READ_FAN_SPEED_1
[2025-12-02 10:17:49.556] [SubSystem][Update_ReadCmdFormat] ReadCmd Format Updated: CmdName=READ_FAN_SPEED_2, Unit=RPM, StoredUnit=RPM, CmdCode=0x0071, StoredCmdName=READ_FAN_SPEED_2
[2025-12-02 10:17:49.558] [SubSystem][Update_ReadCmdFormat] ReadCmd Format Updated: CmdName=READ_FREQ, Unit=Hz, StoredUnit=Hz, CmdCode=0x0056, StoredCmdName=READ_FREQ
[2025-12-02 10:17:49.560] [SubSystem][Update_ReadCmdFormat] ReadCmd Format Updated: CmdName=READ_FAN_SPEED_2, Unit=RPM, StoredUnit=RPM, CmdCode=0x0071, StoredCmdName=READ_FAN_SPEED_2
[2025-12-02 10:17:49.563] [SubSystem][Update_ReadCmdFormat] ReadCmd Format Updated: CmdName=READ_FAN_SPEED_2, Unit=RPM, StoredUnit=RPM, CmdCode=0x0071, StoredCmdName=READ_FAN_SPEED_2
[2025-12-02 10:17:49.565] [SubSystem][Update_ReadCmdFormat] ReadCmd Format Updated: CmdName=READ_FREQ, Unit=Hz, StoredUnit=Hz, CmdCode=0x0056, StoredCmdName=READ_FREQ
[2025-12-02 10:17:49.567] [SubSystem][Update_ReadCmdFormat] ReadCmd Format Updated: CmdName=READ_FV_SETVALUE, Unit=, StoredUnit=, CmdCode=, StoredCmdName=READ_TC_SETVALUE
[2025-12-02 10:17:49.570] [SubSystem][Update_ReadCmdFormat] ReadCmd Format Updated: CmdName=READ_FREQ, Unit=Hz, StoredUnit=Hz, CmdCode=0x0056, StoredCmdName=READ_FREQ
[2025-12-02 10:17:49.572] [SubSystem][Update_ReadCmdFormat] ReadCmd Format Updated: CmdName=READ_FREQ, Unit=Hz, StoredUnit=Hz, CmdCode=0x0056, StoredCmdName=READ_FREQ
[2025-12-02 10:17:49.574] [SubSystem][Update_ReadCmdFormat] ReadCmd Format Updated: CmdName=READ_FV_SETVALUE, Unit=, StoredUnit=, CmdCode=, StoredCmdName=READ_TC_SETVALUE
[2025-12-02 10:17:49.576] [SubSystem][Update_ReadCmdFormat] ReadCmd Format Updated: CmdName=READ_IIN, Unit=A, StoredUnit=A, CmdCode=0x0053, StoredCmdName=READ_IIN
[2025-12-02 10:17:49.577] [PollingRead][FireAndForgetTask] oneSubSys_FireAndForgetLock is being used (port, protocol) = (CAN2, NTN-5K_CAN.json)
[2025-12-02 10:17:49.577] [PollingRead][FireAndForgetTask] oneSubSys_FireAndForgetLock is being used (port, protocol) = (MOD1, NTN-5K_MOD.json)
[2025-12-02 10:17:49.577] [PollingRead][FireAndForgetTask] oneSubSys_FireAndForgetLock is being used (port, protocol) = (CAN1, NTN-5K_CAN.json)
[2025-12-02 10:17:49.577] [PollingRead][FireAndForgetTask] oneSubSys_FireAndForgetLock is being used (port, protocol) = (MOD2, NTN-5K_MOD.json)
[2025-12-02 10:17:49.577] [PollingRead][FireAndForgetTask] oneSubSys_FireAndForgetLock is being used (port, protocol) = (CAN1, NTN-5K_CAN.json)
[2025-12-02 10:17:49.578] [SubSystem][Update_ReadCmdFormat] ReadCmd Format Updated: CmdName=READ_FV_SETVALUE, Unit=, StoredUnit=, CmdCode=, StoredCmdName=READ_TC_SETVALUE
[2025-12-02 10:17:49.580] [SubSystem][Update_ReadCmdFormat] ReadCmd Format Updated: CmdName=READ_FV_SETVALUE, Unit=, StoredUnit=, CmdCode=, StoredCmdName=READ_TC_SETVALUE
[2025-12-02 10:17:49.583] [SubSystem][Update_ReadCmdFormat] ReadCmd Format Updated: CmdName=READ_IIN, Unit=A, StoredUnit=A, CmdCode=0x0053, StoredCmdName=READ_IIN
[2025-12-02 10:17:49.585] [SubSystem][Update_ReadCmdFormat] ReadCmd Format Updated: CmdName=READ_OP_LD_PCNT, Unit=, StoredUnit=, CmdCode=0x010B, StoredCmdName=READ_OP_LD_PCNT
[2025-12-02 10:17:49.598] [SubSystem][Update_ReadCmdFormat] ReadCmd Format Updated: CmdName=READ_IIN, Unit=A, StoredUnit=A, CmdCode=0x0053, StoredCmdName=READ_IIN
[2025-12-02 10:17:49.600] [SubSystem][Update_ReadCmdFormat] ReadCmd Format Updated: CmdName=READ_IIN, Unit=A, StoredUnit=A, CmdCode=0x0053, StoredCmdName=READ_IIN
[2025-12-02 10:17:49.603] [SubSystem][Update_ReadCmdFormat] ReadCmd Format Updated: CmdName=READ_OP_LD_PCNT, Unit=, StoredUnit=, CmdCode=0x010B, StoredCmdName=READ_OP_LD_PCNT
[2025-12-02 10:17:49.605] [SubSystem][Update_ReadCmdFormat] ReadCmd Format Updated: CmdName=READ_OP_VA, Unit=VA, StoredUnit=VA, CmdCode=0x0114, StoredCmdName=READ_OP_VA
[2025-12-02 10:17:49.607] [SubSystem][Update_ReadCmdFormat] ReadCmd Format Updated: CmdName=READ_OP_LD_PCNT, Unit=, StoredUnit=, CmdCode=0x010B, StoredCmdName=READ_OP_LD_PCNT
[2025-12-02 10:17:49.610] [SubSystem][Update_ReadCmdFormat] ReadCmd Format Updated: CmdName=READ_OP_LD_PCNT, Unit=, StoredUnit=, CmdCode=0x010B, StoredCmdName=READ_OP_LD_PCNT
[2025-12-02 10:17:49.612] [SubSystem][Update_ReadCmdFormat] ReadCmd Format Updated: CmdName=READ_OP_VA, Unit=VA, StoredUnit=VA, CmdCode=0x0114, StoredCmdName=READ_OP_VA
[2025-12-02 10:17:49.615] [SubSystem][Update_ReadCmdFormat] ReadCmd Format Updated: CmdName=READ_OP_WATT, Unit=W, StoredUnit=W, CmdCode=0x010E, StoredCmdName=READ_OP_WATT
[2025-12-02 10:17:49.617] [SubSystem][Update_ReadCmdFormat] ReadCmd Format Updated: CmdName=READ_OP_VA, Unit=VA, StoredUnit=VA, CmdCode=0x0114, StoredCmdName=READ_OP_VA
[2025-12-02 10:17:49.620] [SubSystem][Update_ReadCmdFormat] ReadCmd Format Updated: CmdName=READ_OP_VA, Unit=VA, StoredUnit=VA, CmdCode=0x0114, StoredCmdName=READ_OP_VA
[2025-12-02 10:17:49.623] [SubSystem][Update_ReadCmdFormat] ReadCmd Format Updated: CmdName=READ_OP_WATT, Unit=W, StoredUnit=W, CmdCode=0x010E, StoredCmdName=READ_OP_WATT
[2025-12-02 10:17:49.625] [SubSystem][Update_ReadCmdFormat] ReadCmd Format Updated: CmdName=READ_TC_SETVALUE, Unit=, StoredUnit=, CmdCode=, StoredCmdName=READ_TC_SETVALUE
[2025-12-02 10:17:49.627] [SubSystem][Update_ReadCmdFormat] ReadCmd Format Updated: CmdName=READ_OP_WATT, Unit=W, StoredUnit=W, CmdCode=0x010E, StoredCmdName=READ_OP_WATT
[2025-12-02 10:17:49.629] [SubSystem][Update_ReadCmdFormat] ReadCmd Format Updated: CmdName=READ_OP_WATT, Unit=W, StoredUnit=W, CmdCode=0x010E, StoredCmdName=READ_OP_WATT
[2025-12-02 10:17:49.630] [SubSystem][Update_ReadCmdFormat] ReadCmd Format Updated: CmdName=READ_TC_SETVALUE, Unit=, StoredUnit=, CmdCode=, StoredCmdName=READ_TC_SETVALUE
[2025-12-02 10:17:49.632] [SubSystem][Update_ReadCmdFormat] ReadCmd Format Updated: CmdName=READ_TEMPERATURE_1, Unit=℃, StoredUnit=℃, CmdCode=0x0062, StoredCmdName=READ_TEMPERATURE_1
[2025-12-02 10:17:49.634] [SubSystem][Update_ReadCmdFormat] ReadCmd Format Updated: CmdName=READ_TC_SETVALUE, Unit=, StoredUnit=, CmdCode=, StoredCmdName=READ_TC_SETVALUE
[2025-12-02 10:17:49.637] [SubSystem][Update_ReadCmdFormat] ReadCmd Format Updated: CmdName=READ_TC_SETVALUE, Unit=, StoredUnit=, CmdCode=, StoredCmdName=READ_TC_SETVALUE
[2025-12-02 10:17:49.640] [SubSystem][Update_ReadCmdFormat] ReadCmd Format Updated: CmdName=READ_TEMPERATURE_1, Unit=℃, StoredUnit=℃, CmdCode=0x0062, StoredCmdName=READ_TEMPERATURE_1
[2025-12-02 10:17:49.642] [SubSystem][Update_ReadCmdFormat] ReadCmd Format Updated: CmdName=READ_VBAT, Unit=V, StoredUnit=V, CmdCode=0x011A, StoredCmdName=READ_VBAT
[2025-12-02 10:17:49.645] [SubSystem][Update_ReadCmdFormat] ReadCmd Format Updated: CmdName=READ_TEMPERATURE_1, Unit=℃, StoredUnit=℃, CmdCode=0x0062, StoredCmdName=READ_TEMPERATURE_1
[2025-12-02 10:17:49.647] [SubSystem][Update_ReadCmdFormat] ReadCmd Format Updated: CmdName=READ_TEMPERATURE_1, Unit=℃, StoredUnit=℃, CmdCode=0x0062, StoredCmdName=READ_TEMPERATURE_1
[2025-12-02 10:17:49.650] [SubSystem][Update_ReadCmdFormat] ReadCmd Format Updated: CmdName=READ_VBAT, Unit=V, StoredUnit=V, CmdCode=0x011A, StoredCmdName=READ_VBAT
[2025-12-02 10:17:49.652] [SubSystem][Update_ReadCmdFormat] ReadCmd Format Updated: CmdName=READ_VIN, Unit=V, StoredUnit=V, CmdCode=0x0050, StoredCmdName=READ_VIN
[2025-12-02 10:17:49.654] [SubSystem][Update_ReadCmdFormat] ReadCmd Format Updated: CmdName=READ_VBAT, Unit=V, StoredUnit=V, CmdCode=0x011A, StoredCmdName=READ_VBAT
[2025-12-02 10:17:49.657] [SubSystem][Update_ReadCmdFormat] ReadCmd Format Updated: CmdName=READ_VBAT, Unit=V, StoredUnit=V, CmdCode=0x011A, StoredCmdName=READ_VBAT
[2025-12-02 10:17:49.659] [SubSystem][Update_ReadCmdFormat] ReadCmd Format Updated: CmdName=READ_VIN, Unit=V, StoredUnit=V, CmdCode=0x0050, StoredCmdName=READ_VIN
[2025-12-02 10:17:49.661] [SubSystem][Update_ReadCmdFormat] ReadCmd Format Updated: CmdName=SCALING_FACTOR, Unit=, StoredUnit=, CmdCode=0x00C0, StoredCmdName=SCALING_FACTOR
[2025-12-02 10:17:49.664] [SubSystem][Update_ReadCmdFormat] ReadCmd Format Updated: CmdName=READ_VIN, Unit=V, StoredUnit=V, CmdCode=0x0050, StoredCmdName=READ_VIN
[2025-12-02 10:17:49.666] [SubSystem][Update_ReadCmdFormat] ReadCmd Format Updated: CmdName=READ_VIN, Unit=V, StoredUnit=V, CmdCode=0x0050, StoredCmdName=READ_VIN
[2025-12-02 10:17:49.668] [SubSystem][Update_ReadCmdFormat] ReadCmd Format Updated: CmdName=SCALING_FACTOR, Unit=, StoredUnit=, CmdCode=0x00C0, StoredCmdName=SCALING_FACTOR
[2025-12-02 10:17:49.671] [SubSystem][Update_ReadCmdFormat] ReadCmd Format Updated: CmdName=SYSTEM_CONFIG, Unit=, StoredUnit=, CmdCode=0x00C2, StoredCmdName=SYSTEM_CONFIG
[2025-12-02 10:17:49.673] [SubSystem][Update_ReadCmdFormat] ReadCmd Format Updated: CmdName=SCALING_FACTOR, Unit=, StoredUnit=, CmdCode=0x00C0, StoredCmdName=SCALING_FACTOR
[2025-12-02 10:17:49.675] [SubSystem][Update_ReadCmdFormat] ReadCmd Format Updated: CmdName=SCALING_FACTOR, Unit=, StoredUnit=, CmdCode=0x00C0, StoredCmdName=SCALING_FACTOR
[2025-12-02 10:17:49.677] [SubSystem][Update_ReadCmdFormat] ReadCmd Format Updated: CmdName=SYSTEM_CONFIG, Unit=, StoredUnit=, CmdCode=0x00C2, StoredCmdName=SYSTEM_CONFIG
[2025-12-02 10:17:49.679] [SubSystem][Update_ReadCmdFormat] done for (port, protocol) = (MOD2, NTN-5K_MOD.json)
[2025-12-02 10:17:49.682] [SubSystem][Update_ReadCmdFormat] ReadCmd Format Updated: CmdName=SYSTEM_CONFIG, Unit=, StoredUnit=, CmdCode=0x00C2, StoredCmdName=SYSTEM_CONFIG
[2025-12-02 10:17:49.684] [SubSystem][Update_ReadCmdFormat] ReadCmd Format Updated: CmdName=SYSTEM_CONFIG, Unit=, StoredUnit=, CmdCode=0x00C2, StoredCmdName=SYSTEM_CONFIG
[2025-12-02 10:17:49.686] [SubSystem][Update_ReadCmdFormat] done for (port, protocol) = (MOD1, NTN-5K_MOD.json)
[2025-12-02 10:17:49.692] [SubSystem][Update_ReadCmdFormat] done for (port, protocol) = (CAN2, NTN-5K_CAN.json)
[2025-12-02 10:17:49.695] [SubSystem][Update_ReadCmdFormat] done for (port, protocol) = (CAN1, NTN-5K_CAN.json)
[2025-12-02 10:17:57.802] [DataChangeEventManager][EnsureHook] Hooked handler for : MFR_MODEL@0
[2025-12-02 10:17:57.803] [DataChangeEventManager][SubscribeCmd] First Push Data
[2025-12-02 10:17:57.806] [OnCmdDataChanged] (0x0082,MFR_MODEL)@0
[2025-12-02 10:17:57.812] [DataChangeEventManager][EnsureHook] Hooked handler for : INV_STATUS@0
[2025-12-02 10:17:57.813] [DataChangeEventManager][SubscribeCmd] First Push Data
[2025-12-02 10:17:57.816] [OnCmdDataChanged] (0x011D,INV_STATUS)@0
[2025-12-02 10:17:57.821] [DataChangeEventManager][EnsureHook] Hooked handler for : INV_FAULT@0
[2025-12-02 10:17:57.821] [DataChangeEventManager][SubscribeCmd] First Push Data
[2025-12-02 10:17:57.825] [OnCmdDataChanged] (0x011E,INV_FAULT)@0
[2025-12-02 10:17:57.834] [DataChangeEventManager][EnsureHook] Hooked handler for : MFR_REVISION_B0B5@0
[2025-12-02 10:17:57.835] [DataChangeEventManager][SubscribeCmd] First Push Data
[2025-12-02 10:17:57.838] [OnCmdDataChanged] (0x0084,MFR_REVISION_B0B5)@0
[2025-12-02 10:17:57.843] [DataChangeEventManager][EnsureHook] Hooked handler for : READ_FAN_SPEED_1@0
[2025-12-02 10:17:57.844] [DataChangeEventManager][SubscribeCmd] First Push Data
[2025-12-02 10:17:57.848] [OnCmdDataChanged] (0x0070,READ_FAN_SPEED_1)@0
[2025-12-02 10:17:57.853] [DataChangeEventManager][EnsureHook] Hooked handler for : READ_FAN_SPEED_2@0
[2025-12-02 10:17:57.854] [DataChangeEventManager][SubscribeCmd] First Push Data
[2025-12-02 10:17:57.856] [OnCmdDataChanged] (0x0071,READ_FAN_SPEED_2)@0
[2025-12-02 10:17:57.861] [DataChangeEventManager][EnsureHook] Hooked handler for : READ_AC_VOUT@0
[2025-12-02 10:17:57.863] [DataChangeEventManager][SubscribeCmd] First Push Data
[2025-12-02 10:17:57.867] [OnCmdDataChanged] (0x0108,READ_AC_VOUT)@0
[2025-12-02 10:17:57.871] [DataChangeEventManager][EnsureHook] Hooked handler for : READ_OP_VA@0
[2025-12-02 10:17:57.872] [DataChangeEventManager][SubscribeCmd] First Push Data
[2025-12-02 10:17:57.875] [OnCmdDataChanged] (0x0114,READ_OP_VA)@0
[2025-12-02 10:17:57.881] [DataChangeEventManager][EnsureHook] Hooked handler for : READ_CHG_CURR@0
[2025-12-02 10:17:57.882] [DataChangeEventManager][SubscribeCmd] First Push Data
[2025-12-02 10:17:57.884] [OnCmdDataChanged] (0x011B,READ_CHG_CURR)@0
[2025-12-02 10:17:57.887] [DataChangeEventManager][EnsureHook] Hooked handler for : READ_VBAT@0
[2025-12-02 10:17:57.888] [DataChangeEventManager][SubscribeCmd] First Push Data
[2025-12-02 10:17:57.891] [OnCmdDataChanged] (0x011A,READ_VBAT)@0
[2025-12-02 10:17:57.898] [DataChangeEventManager][EnsureHook] Hooked handler for : READ_TEMPERATURE_1@0
[2025-12-02 10:17:57.899] [DataChangeEventManager][SubscribeCmd] First Push Data
[2025-12-02 10:17:57.902] [OnCmdDataChanged] (0x0062,READ_TEMPERATURE_1)@0
[2025-12-02 10:17:58.664] [DataChangeEventManager][EnsureHook][CmdData.OnChanged] READ_AC_VOUT@0 changed
[2025-12-02 10:17:58.665] [OnCmdDataChanged] (0x0108,READ_AC_VOUT)@0
[2025-12-02 10:17:58.668] [DataChangeEventManager][EnsureHook][CmdData.OnChanged] READ_CHG_CURR@0 changed
[2025-12-02 10:17:58.670] [OnCmdDataChanged] (0x011B,READ_CHG_CURR)@0
[2025-12-02 10:17:58.672] [DataChangeEventManager][EnsureHook][CmdData.OnChanged] READ_FAN_SPEED_1@0 changed
[2025-12-02 10:17:58.674] [OnCmdDataChanged] (0x0070,READ_FAN_SPEED_1)@0
[2025-12-02 10:17:58.677] [DataChangeEventManager][EnsureHook][CmdData.OnChanged] READ_FAN_SPEED_2@0 changed
[2025-12-02 10:17:58.679] [OnCmdDataChanged] (0x0071,READ_FAN_SPEED_2)@0
[2025-12-02 10:17:58.683] [DataChangeEventManager][EnsureHook][CmdData.OnChanged] READ_TEMPERATURE_1@0 changed
[2025-12-02 10:17:58.686] [OnCmdDataChanged] (0x0062,READ_TEMPERATURE_1)@0
[2025-12-02 10:17:58.689] [DataChangeEventManager][EnsureHook][CmdData.OnChanged] READ_VBAT@0 changed
[2025-12-02 10:17:58.692] [OnCmdDataChanged] (0x011A,READ_VBAT)@0
[2025-12-02 10:18:00.131] [DataChangeEventManager][EnsureHook][CmdData.OnChanged] READ_AC_VOUT@0 changed
[2025-12-02 10:18:00.132] [OnCmdDataChanged] (0x0108,READ_AC_VOUT)@0
[2025-12-02 10:18:00.135] [DataChangeEventManager][EnsureHook][CmdData.OnChanged] READ_CHG_CURR@0 changed
[2025-12-02 10:18:00.137] [OnCmdDataChanged] (0x011B,READ_CHG_CURR)@0
[2025-12-02 10:18:00.139] [DataChangeEventManager][EnsureHook][CmdData.OnChanged] READ_FAN_SPEED_1@0 changed
[2025-12-02 10:18:00.141] [OnCmdDataChanged] (0x0070,READ_FAN_SPEED_1)@0
[2025-12-02 10:18:00.143] [DataChangeEventManager][EnsureHook][CmdData.OnChanged] READ_FAN_SPEED_2@0 changed
[2025-12-02 10:18:00.145] [OnCmdDataChanged] (0x0071,READ_FAN_SPEED_2)@0
[2025-12-02 10:18:00.149] [DataChangeEventManager][EnsureHook][CmdData.OnChanged] READ_TEMPERATURE_1@0 changed
[2025-12-02 10:18:00.152] [OnCmdDataChanged] (0x0062,READ_TEMPERATURE_1)@0
[2025-12-02 10:18:00.154] [DataChangeEventManager][EnsureHook][CmdData.OnChanged] READ_VBAT@0 changed
[2025-12-02 10:18:00.156] [OnCmdDataChanged] (0x011A,READ_VBAT)@0
[2025-12-02 10:18:01.699] [DataChangeEventManager][EnsureHook][CmdData.OnChanged] READ_AC_VOUT@0 changed
[2025-12-02 10:18:01.701] [OnCmdDataChanged] (0x0108,READ_AC_VOUT)@0
[2025-12-02 10:18:01.704] [DataChangeEventManager][EnsureHook][CmdData.OnChanged] READ_CHG_CURR@0 changed
[2025-12-02 10:18:01.707] [OnCmdDataChanged] (0x011B,READ_CHG_CURR)@0
[2025-12-02 10:18:01.710] [DataChangeEventManager][EnsureHook][CmdData.OnChanged] READ_FAN_SPEED_1@0 changed
[2025-12-02 10:18:01.712] [OnCmdDataChanged] (0x0070,READ_FAN_SPEED_1)@0
[2025-12-02 10:18:01.718] [DataChangeEventManager][EnsureHook][CmdData.OnChanged] READ_FAN_SPEED_2@0 changed
[2025-12-02 10:18:01.725] [OnCmdDataChanged] (0x0071,READ_FAN_SPEED_2)@0
[2025-12-02 10:18:01.729] [DataChangeEventManager][EnsureHook][CmdData.OnChanged] READ_TEMPERATURE_1@0 changed
[2025-12-02 10:18:01.733] [OnCmdDataChanged] (0x0062,READ_TEMPERATURE_1)@0
[2025-12-02 10:18:01.737] [DataChangeEventManager][EnsureHook][CmdData.OnChanged] READ_VBAT@0 changed
[2025-12-02 10:18:01.739] [OnCmdDataChanged] (0x011A,READ_VBAT)@0
[2025-12-02 10:18:03.160] [DataChangeEventManager][EnsureHook][CmdData.OnChanged] READ_AC_VOUT@0 changed
[2025-12-02 10:18:03.161] [OnCmdDataChanged] (0x0108,READ_AC_VOUT)@0
[2025-12-02 10:18:03.164] [DataChangeEventManager][EnsureHook][CmdData.OnChanged] READ_CHG_CURR@0 changed
[2025-12-02 10:18:03.167] [OnCmdDataChanged] (0x011B,READ_CHG_CURR)@0
[2025-12-02 10:18:03.170] [DataChangeEventManager][EnsureHook][CmdData.OnChanged] READ_FAN_SPEED_1@0 changed
[2025-12-02 10:18:03.173] [OnCmdDataChanged] (0x0070,READ_FAN_SPEED_1)@0
[2025-12-02 10:18:03.175] [DataChangeEventManager][EnsureHook][CmdData.OnChanged] READ_FAN_SPEED_2@0 changed
[2025-12-02 10:18:03.180] [OnCmdDataChanged] (0x0071,READ_FAN_SPEED_2)@0
[2025-12-02 10:18:03.182] [DataChangeEventManager][EnsureHook][CmdData.OnChanged] READ_TEMPERATURE_1@0 changed
[2025-12-02 10:18:03.185] [OnCmdDataChanged] (0x0062,READ_TEMPERATURE_1)@0
[2025-12-02 10:18:03.188] [DataChangeEventManager][EnsureHook][CmdData.OnChanged] READ_VBAT@0 changed
[2025-12-02 10:18:03.191] [OnCmdDataChanged] (0x011A,READ_VBAT)@0
[2025-12-02 10:18:03.869] [DataChangeEventManager][UnsubscribeAll] connectionId = vFhS3Y_HzPnxnpOA3rynGQ ...
[2025-12-02 10:18:03.870] (Addr, CmdName) = (0, MFR_MODEL), found connectionId = vFhS3Y_HzPnxnpOA3rynGQ
[2025-12-02 10:18:03.872] [DataChangeEventManager][UnsubscribeAll] Unhook handler for : (0, MFR_MODEL)
[2025-12-02 10:18:03.873] (Addr, CmdName) = (0, INV_STATUS), found connectionId = vFhS3Y_HzPnxnpOA3rynGQ
[2025-12-02 10:18:03.875] [DataChangeEventManager][UnsubscribeAll] Unhook handler for : (0, INV_STATUS)
[2025-12-02 10:18:03.877] (Addr, CmdName) = (0, INV_FAULT), found connectionId = vFhS3Y_HzPnxnpOA3rynGQ
[2025-12-02 10:18:03.879] [DataChangeEventManager][UnsubscribeAll] Unhook handler for : (0, INV_FAULT)
[2025-12-02 10:18:03.881] (Addr, CmdName) = (0, MFR_REVISION_B0B5), found connectionId = vFhS3Y_HzPnxnpOA3rynGQ
[2025-12-02 10:18:03.883] [DataChangeEventManager][UnsubscribeAll] Unhook handler for : (0, MFR_REVISION_B0B5)
[2025-12-02 10:18:03.885] (Addr, CmdName) = (0, READ_FAN_SPEED_1), found connectionId = vFhS3Y_HzPnxnpOA3rynGQ
[2025-12-02 10:18:03.887] [DataChangeEventManager][UnsubscribeAll] Unhook handler for : (0, READ_FAN_SPEED_1)
[2025-12-02 10:18:03.890] (Addr, CmdName) = (0, READ_FAN_SPEED_2), found connectionId = vFhS3Y_HzPnxnpOA3rynGQ
[2025-12-02 10:18:03.892] [DataChangeEventManager][UnsubscribeAll] Unhook handler for : (0, READ_FAN_SPEED_2)
[2025-12-02 10:18:03.894] (Addr, CmdName) = (0, READ_AC_VOUT), found connectionId = vFhS3Y_HzPnxnpOA3rynGQ
[2025-12-02 10:18:03.896] [DataChangeEventManager][UnsubscribeAll] Unhook handler for : (0, READ_AC_VOUT)
[2025-12-02 10:18:03.898] (Addr, CmdName) = (0, READ_OP_VA), found connectionId = vFhS3Y_HzPnxnpOA3rynGQ
[2025-12-02 10:18:03.900] [DataChangeEventManager][UnsubscribeAll] Unhook handler for : (0, READ_OP_VA)
[2025-12-02 10:18:03.902] (Addr, CmdName) = (0, READ_CHG_CURR), found connectionId = vFhS3Y_HzPnxnpOA3rynGQ
[2025-12-02 10:18:03.904] [DataChangeEventManager][UnsubscribeAll] Unhook handler for : (0, READ_CHG_CURR)
[2025-12-02 10:18:03.906] (Addr, CmdName) = (0, READ_VBAT), found connectionId = vFhS3Y_HzPnxnpOA3rynGQ
[2025-12-02 10:18:03.908] [DataChangeEventManager][UnsubscribeAll] Unhook handler for : (0, READ_VBAT)
[2025-12-02 10:18:03.909] (Addr, CmdName) = (0, READ_TEMPERATURE_1), found connectionId = vFhS3Y_HzPnxnpOA3rynGQ
[2025-12-02 10:18:03.911] [DataChangeEventManager][UnsubscribeAll] Unhook handler for : (0, READ_TEMPERATURE_1)
[2025-12-02 10:18:03.913] [DataChangeEventManager][UnsubscribeAll] done.
[2025-12-02 10:18:21.342] [DataChangeEventManager][EnsureHook] Hooked handler for : MFR_MODEL@128
[2025-12-02 10:18:21.343] [DataChangeEventManager][SubscribeCmd] First Push Data
[2025-12-02 10:18:21.346] [OnCmdDataChanged] (0x0082,MFR_MODEL)@128
[2025-12-02 10:18:21.351] [DataChangeEventManager][EnsureHook] Hooked handler for : INV_STATUS@128
[2025-12-02 10:18:21.352] [DataChangeEventManager][SubscribeCmd] First Push Data
[2025-12-02 10:18:21.354] [OnCmdDataChanged] (0x011D,INV_STATUS)@128
[2025-12-02 10:18:21.358] [DataChangeEventManager][EnsureHook] Hooked handler for : INV_FAULT@128
[2025-12-02 10:18:21.359] [DataChangeEventManager][SubscribeCmd] First Push Data
[2025-12-02 10:18:21.362] [OnCmdDataChanged] (0x011E,INV_FAULT)@128
[2025-12-02 10:18:21.370] [DataChangeEventManager][EnsureHook] Hooked handler for : MFR_REVISION_B0B5@128
[2025-12-02 10:18:21.371] [DataChangeEventManager][SubscribeCmd] First Push Data
[2025-12-02 10:18:21.373] [OnCmdDataChanged] (0x0084,MFR_REVISION_B0B5)@128
[2025-12-02 10:18:21.377] [DataChangeEventManager][EnsureHook] Hooked handler for : READ_FAN_SPEED_1@128
[2025-12-02 10:18:21.378] [DataChangeEventManager][SubscribeCmd] First Push Data
[2025-12-02 10:18:21.391] [OnCmdDataChanged] (0x0070,READ_FAN_SPEED_1)@128
[2025-12-02 10:18:21.398] [DataChangeEventManager][EnsureHook] Hooked handler for : READ_FAN_SPEED_2@128
[2025-12-02 10:18:21.399] [DataChangeEventManager][SubscribeCmd] First Push Data
[2025-12-02 10:18:21.403] [OnCmdDataChanged] (0x0071,READ_FAN_SPEED_2)@128
[2025-12-02 10:18:21.408] [DataChangeEventManager][EnsureHook] Hooked handler for : READ_AC_VOUT@128
[2025-12-02 10:18:21.409] [DataChangeEventManager][SubscribeCmd] First Push Data
[2025-12-02 10:18:21.412] [OnCmdDataChanged] (0x0108,READ_AC_VOUT)@128
[2025-12-02 10:18:21.419] [DataChangeEventManager][EnsureHook] Hooked handler for : READ_OP_VA@128
[2025-12-02 10:18:21.420] [DataChangeEventManager][SubscribeCmd] First Push Data
[2025-12-02 10:18:21.423] [OnCmdDataChanged] (0x0114,READ_OP_VA)@128
[2025-12-02 10:18:21.427] [DataChangeEventManager][EnsureHook] Hooked handler for : READ_CHG_CURR@128
[2025-12-02 10:18:21.428] [DataChangeEventManager][SubscribeCmd] First Push Data
[2025-12-02 10:18:21.431] [OnCmdDataChanged] (0x011B,READ_CHG_CURR)@128
[2025-12-02 10:18:21.439] [DataChangeEventManager][EnsureHook] Hooked handler for : READ_VBAT@128
[2025-12-02 10:18:21.440] [DataChangeEventManager][SubscribeCmd] First Push Data
[2025-12-02 10:18:21.442] [OnCmdDataChanged] (0x011A,READ_VBAT)@128
[2025-12-02 10:18:21.447] [DataChangeEventManager][EnsureHook] Hooked handler for : READ_TEMPERATURE_1@128
[2025-12-02 10:18:21.448] [DataChangeEventManager][SubscribeCmd] First Push Data
[2025-12-02 10:18:21.453] [OnCmdDataChanged] (0x0062,READ_TEMPERATURE_1)@128
[2025-12-02 10:18:21.623] [DataChangeEventManager][EnsureHook][CmdData.OnChanged] READ_AC_VOUT@128 changed
[2025-12-02 10:18:21.624] [OnCmdDataChanged] (0x0108,READ_AC_VOUT)@128
[2025-12-02 10:18:21.627] [DataChangeEventManager][EnsureHook][CmdData.OnChanged] READ_CHG_CURR@128 changed
[2025-12-02 10:18:21.630] [OnCmdDataChanged] (0x011B,READ_CHG_CURR)@128
[2025-12-02 10:18:21.632] [DataChangeEventManager][EnsureHook][CmdData.OnChanged] READ_FAN_SPEED_1@128 changed
[2025-12-02 10:18:21.636] [OnCmdDataChanged] (0x0070,READ_FAN_SPEED_1)@128
[2025-12-02 10:18:21.640] [DataChangeEventManager][EnsureHook][CmdData.OnChanged] READ_FAN_SPEED_2@128 changed
[2025-12-02 10:18:21.642] [OnCmdDataChanged] (0x0071,READ_FAN_SPEED_2)@128
[2025-12-02 10:18:21.644] [DataChangeEventManager][EnsureHook][CmdData.OnChanged] READ_OP_VA@128 changed
[2025-12-02 10:18:21.648] [OnCmdDataChanged] (0x0114,READ_OP_VA)@128
[2025-12-02 10:18:21.652] [DataChangeEventManager][EnsureHook][CmdData.OnChanged] READ_TEMPERATURE_1@128 changed
[2025-12-02 10:18:21.655] [OnCmdDataChanged] (0x0062,READ_TEMPERATURE_1)@128
[2025-12-02 10:18:21.657] [DataChangeEventManager][EnsureHook][CmdData.OnChanged] READ_VBAT@128 changed
[2025-12-02 10:18:21.660] [OnCmdDataChanged] (0x011A,READ_VBAT)@128
[2025-12-02 10:18:23.096] [DataChangeEventManager][EnsureHook][CmdData.OnChanged] READ_AC_VOUT@128 changed
[2025-12-02 10:18:23.096] [OnCmdDataChanged] (0x0108,READ_AC_VOUT)@128
[2025-12-02 10:18:23.100] [DataChangeEventManager][EnsureHook][CmdData.OnChanged] READ_CHG_CURR@128 changed
[2025-12-02 10:18:23.102] [OnCmdDataChanged] (0x011B,READ_CHG_CURR)@128
[2025-12-02 10:18:23.104] [DataChangeEventManager][EnsureHook][CmdData.OnChanged] READ_FAN_SPEED_1@128 changed
[2025-12-02 10:18:23.106] [OnCmdDataChanged] (0x0070,READ_FAN_SPEED_1)@128
[2025-12-02 10:18:23.109] [DataChangeEventManager][EnsureHook][CmdData.OnChanged] READ_FAN_SPEED_2@128 changed
[2025-12-02 10:18:23.110] [OnCmdDataChanged] (0x0071,READ_FAN_SPEED_2)@128
[2025-12-02 10:18:23.114] [DataChangeEventManager][EnsureHook][CmdData.OnChanged] READ_OP_VA@128 changed
[2025-12-02 10:18:23.117] [OnCmdDataChanged] (0x0114,READ_OP_VA)@128
[2025-12-02 10:18:23.120] [DataChangeEventManager][EnsureHook][CmdData.OnChanged] READ_TEMPERATURE_1@128 changed
[2025-12-02 10:18:23.122] [OnCmdDataChanged] (0x0062,READ_TEMPERATURE_1)@128
[2025-12-02 10:18:23.125] [DataChangeEventManager][EnsureHook][CmdData.OnChanged] READ_VBAT@128 changed
[2025-12-02 10:18:23.128] [OnCmdDataChanged] (0x011A,READ_VBAT)@128
[2025-12-02 10:18:24.562] [DataChangeEventManager][EnsureHook][CmdData.OnChanged] READ_AC_VOUT@128 changed
[2025-12-02 10:18:24.563] [OnCmdDataChanged] (0x0108,READ_AC_VOUT)@128
[2025-12-02 10:18:24.565] [DataChangeEventManager][EnsureHook][CmdData.OnChanged] READ_CHG_CURR@128 changed
[2025-12-02 10:18:24.567] [OnCmdDataChanged] (0x011B,READ_CHG_CURR)@128
[2025-12-02 10:18:24.569] [DataChangeEventManager][EnsureHook][CmdData.OnChanged] READ_FAN_SPEED_1@128 changed
[2025-12-02 10:18:24.571] [OnCmdDataChanged] (0x0070,READ_FAN_SPEED_1)@128
[2025-12-02 10:18:24.573] [DataChangeEventManager][EnsureHook][CmdData.OnChanged] READ_FAN_SPEED_2@128 changed
[2025-12-02 10:18:24.576] [OnCmdDataChanged] (0x0071,READ_FAN_SPEED_2)@128
[2025-12-02 10:18:24.577] [DataChangeEventManager][EnsureHook][CmdData.OnChanged] READ_OP_VA@128 changed
[2025-12-02 10:18:24.579] [OnCmdDataChanged] (0x0114,READ_OP_VA)@128
[2025-12-02 10:18:24.583] [DataChangeEventManager][EnsureHook][CmdData.OnChanged] READ_TEMPERATURE_1@128 changed
[2025-12-02 10:18:24.587] [OnCmdDataChanged] (0x0062,READ_TEMPERATURE_1)@128
[2025-12-02 10:18:24.589] [DataChangeEventManager][EnsureHook][CmdData.OnChanged] READ_VBAT@128 changed
[2025-12-02 10:18:24.592] [OnCmdDataChanged] (0x011A,READ_VBAT)@128
[2025-12-02 10:18:24.656] [DataChangeEventManager][UnsubscribeAll] connectionId = FowTnnefp7v5B4m3Oku9Tw ...
[2025-12-02 10:18:24.657] (Addr, CmdName) = (128, MFR_MODEL), found connectionId = FowTnnefp7v5B4m3Oku9Tw
[2025-12-02 10:18:24.660] [DataChangeEventManager][UnsubscribeAll] Unhook handler for : (128, MFR_MODEL)
[2025-12-02 10:18:24.662] (Addr, CmdName) = (128, INV_STATUS), found connectionId = FowTnnefp7v5B4m3Oku9Tw
[2025-12-02 10:18:24.665] [DataChangeEventManager][UnsubscribeAll] Unhook handler for : (128, INV_STATUS)
[2025-12-02 10:18:24.669] (Addr, CmdName) = (128, INV_FAULT), found connectionId = FowTnnefp7v5B4m3Oku9Tw
[2025-12-02 10:18:24.672] [DataChangeEventManager][UnsubscribeAll] Unhook handler for : (128, INV_FAULT)
[2025-12-02 10:18:24.675] (Addr, CmdName) = (128, MFR_REVISION_B0B5), found connectionId = FowTnnefp7v5B4m3Oku9Tw
[2025-12-02 10:18:24.679] [DataChangeEventManager][UnsubscribeAll] Unhook handler for : (128, MFR_REVISION_B0B5)
[2025-12-02 10:18:24.681] (Addr, CmdName) = (128, READ_FAN_SPEED_1), found connectionId = FowTnnefp7v5B4m3Oku9Tw
[2025-12-02 10:18:24.683] [DataChangeEventManager][UnsubscribeAll] Unhook handler for : (128, READ_FAN_SPEED_1)
[2025-12-02 10:18:24.687] (Addr, CmdName) = (128, READ_FAN_SPEED_2), found connectionId = FowTnnefp7v5B4m3Oku9Tw
[2025-12-02 10:18:24.690] [DataChangeEventManager][UnsubscribeAll] Unhook handler for : (128, READ_FAN_SPEED_2)
[2025-12-02 10:18:24.692] (Addr, CmdName) = (128, READ_AC_VOUT), found connectionId = FowTnnefp7v5B4m3Oku9Tw
[2025-12-02 10:18:24.694] [DataChangeEventManager][UnsubscribeAll] Unhook handler for : (128, READ_AC_VOUT)
[2025-12-02 10:18:24.696] (Addr, CmdName) = (128, READ_OP_VA), found connectionId = FowTnnefp7v5B4m3Oku9Tw
[2025-12-02 10:18:24.697] [DataChangeEventManager][UnsubscribeAll] Unhook handler for : (128, READ_OP_VA)
[2025-12-02 10:18:24.700] (Addr, CmdName) = (128, READ_CHG_CURR), found connectionId = FowTnnefp7v5B4m3Oku9Tw
[2025-12-02 10:18:24.703] [DataChangeEventManager][UnsubscribeAll] Unhook handler for : (128, READ_CHG_CURR)
[2025-12-02 10:18:24.706] (Addr, CmdName) = (128, READ_VBAT), found connectionId = FowTnnefp7v5B4m3Oku9Tw
[2025-12-02 10:18:24.707] [DataChangeEventManager][UnsubscribeAll] Unhook handler for : (128, READ_VBAT)
[2025-12-02 10:18:24.710] (Addr, CmdName) = (128, READ_TEMPERATURE_1), found connectionId = FowTnnefp7v5B4m3Oku9Tw
[2025-12-02 10:18:24.711] [DataChangeEventManager][UnsubscribeAll] Unhook handler for : (128, READ_TEMPERATURE_1)
[2025-12-02 10:18:24.712] [DataChangeEventManager][UnsubscribeAll] done.
[2025-12-02 10:24:18.275] [Link_status][OnRowClick] : Error, Microsoft.JSInterop.JSException: Failed to complete negotiation with the server: TypeError: Failed to fetch
Error: Failed to complete negotiation with the server: TypeError: Failed to fetch
    at z.Zt (http://localhost:5080/js/signalr.min.js:8:34751)
    at async z.F (http://localhost:5080/js/signalr.min.js:8:33058)
    at async z.start (http://localhost:5080/js/signalr.min.js:8:31371)
    at async N.F (http://localhost:5080/js/signalr.min.js:8:12264)
    at async N.O (http://localhost:5080/js/signalr.min.js:8:11866)
    at async window.DataSocket (http://localhost:5080/js/Hub.js:525:5)
   at Microsoft.JSInterop.JSRuntime.InvokeAsync[TValue](Int64 targetInstanceId, String identifier, Object[] args)
   at Microsoft.JSInterop.JSRuntimeExtensions.InvokeVoidAsync(IJSRuntime jsRuntime, String identifier, Object[] args)
   at demoVer.Components.Pages.Link_status.OnRowClick(Element element) in C:\code\CMU3\NTN_Energy_Management_Platform\demoVer\Components\Pages\Link_status.razor:line 559
[2025-12-02 10:24:18.280] [DataChangeEventManager][UnsubscribeAll] connectionId = vFhS3Y_HzPnxnpOA3rynGQ ...
[2025-12-02 10:24:18.280] [DataChangeEventManager][UnsubscribeAll] connectionId = FowTnnefp7v5B4m3Oku9Tw ...
[2025-12-02 10:24:18.281] [DataChangeEventManager][UnsubscribeAll] done.
[2025-12-02 10:24:18.283] [DataChangeEventManager][UnsubscribeAll] done.
[2025-12-02 10:24:23.987] [DataChangeEventManager][EnsureHook] Hooked handler for : MFR_MODEL@192
[2025-12-02 10:24:23.988] [DataChangeEventManager][SubscribeCmd] First Push Data
[2025-12-02 10:24:23.990] [OnCmdDataChanged] (0x0086,MFR_MODEL)@192
[2025-12-02 10:24:23.993] [DataChangeEventManager][EnsureHook] Hooked handler for : INV_STATUS@192
[2025-12-02 10:24:23.994] [DataChangeEventManager][SubscribeCmd] First Push Data
[2025-12-02 10:24:23.996] [OnCmdDataChanged] (0x011D,INV_STATUS)@192
[2025-12-02 10:24:24.000] [DataChangeEventManager][EnsureHook] Hooked handler for : INV_FAULT@192
[2025-12-02 10:24:24.000] [DataChangeEventManager][SubscribeCmd] First Push Data
[2025-12-02 10:24:24.002] [OnCmdDataChanged] (0x011E,INV_FAULT)@192
[2025-12-02 10:24:24.008] [DataChangeEventManager][EnsureHook] Hooked handler for : MFR_REVISION_B0B5@192
[2025-12-02 10:24:24.009] [DataChangeEventManager][SubscribeCmd] First Push Data
[2025-12-02 10:24:24.012] [OnCmdDataChanged] (0x008C,MFR_REVISION_B0B5)@192
[2025-12-02 10:24:24.017] [DataChangeEventManager][EnsureHook] Hooked handler for : READ_FAN_SPEED_1@192
[2025-12-02 10:24:24.018] [DataChangeEventManager][SubscribeCmd] First Push Data
[2025-12-02 10:24:24.020] [OnCmdDataChanged] (0x0070,READ_FAN_SPEED_1)@192
[2025-12-02 10:24:24.024] [DataChangeEventManager][EnsureHook] Hooked handler for : READ_FAN_SPEED_2@192
[2025-12-02 10:24:24.025] [DataChangeEventManager][SubscribeCmd] First Push Data
[2025-12-02 10:24:24.029] [OnCmdDataChanged] (0x0071,READ_FAN_SPEED_2)@192
[2025-12-02 10:24:24.033] [DataChangeEventManager][EnsureHook] Hooked handler for : READ_AC_VOUT@192
[2025-12-02 10:24:24.033] [DataChangeEventManager][SubscribeCmd] First Push Data
[2025-12-02 10:24:24.036] [OnCmdDataChanged] (0x0108,READ_AC_VOUT)@192
[2025-12-02 10:24:24.040] [DataChangeEventManager][EnsureHook] Hooked handler for : READ_OP_VA@192
[2025-12-02 10:24:24.041] [DataChangeEventManager][SubscribeCmd] First Push Data
[2025-12-02 10:24:24.045] [OnCmdDataChanged] (0x0114,READ_OP_VA)@192
[2025-12-02 10:24:24.049] [DataChangeEventManager][EnsureHook] Hooked handler for : READ_CHG_CURR@192
[2025-12-02 10:24:24.049] [DataChangeEventManager][SubscribeCmd] First Push Data
[2025-12-02 10:24:24.051] [OnCmdDataChanged] (0x011B,READ_CHG_CURR)@192
[2025-12-02 10:24:24.055] [DataChangeEventManager][EnsureHook] Hooked handler for : READ_VBAT@192
[2025-12-02 10:24:24.056] [DataChangeEventManager][SubscribeCmd] First Push Data
[2025-12-02 10:24:24.068] [OnCmdDataChanged] (0x011A,READ_VBAT)@192
[2025-12-02 10:24:24.076] [DataChangeEventManager][EnsureHook] Hooked handler for : READ_TEMPERATURE_1@192
[2025-12-02 10:24:24.080] [DataChangeEventManager][SubscribeCmd] First Push Data
[2025-12-02 10:24:24.084] [OnCmdDataChanged] (0x0062,READ_TEMPERATURE_1)@192
[2025-12-02 10:24:24.405] [DataChangeEventManager][EnsureHook][CmdData.OnChanged] READ_AC_VOUT@192 changed
[2025-12-02 10:24:24.405] [OnCmdDataChanged] (0x0108,READ_AC_VOUT)@192
[2025-12-02 10:24:24.408] [DataChangeEventManager][EnsureHook][CmdData.OnChanged] READ_CHG_CURR@192 changed
[2025-12-02 10:24:24.410] [OnCmdDataChanged] (0x011B,READ_CHG_CURR)@192
[2025-12-02 10:24:24.413] [DataChangeEventManager][EnsureHook][CmdData.OnChanged] READ_FAN_SPEED_1@192 changed
[2025-12-02 10:24:24.416] [OnCmdDataChanged] (0x0070,READ_FAN_SPEED_1)@192
[2025-12-02 10:24:24.418] [DataChangeEventManager][EnsureHook][CmdData.OnChanged] READ_FAN_SPEED_2@192 changed
[2025-12-02 10:24:24.423] [OnCmdDataChanged] (0x0071,READ_FAN_SPEED_2)@192
[2025-12-02 10:24:24.425] [DataChangeEventManager][EnsureHook][CmdData.OnChanged] READ_OP_VA@192 changed
[2025-12-02 10:24:24.427] [OnCmdDataChanged] (0x0114,READ_OP_VA)@192
[2025-12-02 10:24:24.429] [DataChangeEventManager][EnsureHook][CmdData.OnChanged] READ_TEMPERATURE_1@192 changed
[2025-12-02 10:24:24.432] [OnCmdDataChanged] (0x0062,READ_TEMPERATURE_1)@192
[2025-12-02 10:24:24.436] [DataChangeEventManager][EnsureHook][CmdData.OnChanged] READ_VBAT@192 changed
[2025-12-02 10:24:24.439] [OnCmdDataChanged] (0x011A,READ_VBAT)@192
[2025-12-02 10:24:25.883] [DataChangeEventManager][EnsureHook][CmdData.OnChanged] READ_AC_VOUT@192 changed
[2025-12-02 10:24:25.884] [OnCmdDataChanged] (0x0108,READ_AC_VOUT)@192
[2025-12-02 10:24:25.887] [DataChangeEventManager][EnsureHook][CmdData.OnChanged] READ_CHG_CURR@192 changed
[2025-12-02 10:24:25.890] [OnCmdDataChanged] (0x011B,READ_CHG_CURR)@192
[2025-12-02 10:24:25.893] [DataChangeEventManager][EnsureHook][CmdData.OnChanged] READ_FAN_SPEED_1@192 changed
[2025-12-02 10:24:25.895] [OnCmdDataChanged] (0x0070,READ_FAN_SPEED_1)@192
[2025-12-02 10:24:25.897] [DataChangeEventManager][EnsureHook][CmdData.OnChanged] READ_FAN_SPEED_2@192 changed
[2025-12-02 10:24:25.911] [OnCmdDataChanged] (0x0071,READ_FAN_SPEED_2)@192
[2025-12-02 10:24:25.914] [DataChangeEventManager][EnsureHook][CmdData.OnChanged] READ_OP_VA@192 changed
[2025-12-02 10:24:25.918] [OnCmdDataChanged] (0x0114,READ_OP_VA)@192
[2025-12-02 10:24:25.924] [DataChangeEventManager][EnsureHook][CmdData.OnChanged] READ_TEMPERATURE_1@192 changed
[2025-12-02 10:24:25.926] [OnCmdDataChanged] (0x0062,READ_TEMPERATURE_1)@192
[2025-12-02 10:24:25.930] [DataChangeEventManager][EnsureHook][CmdData.OnChanged] READ_VBAT@192 changed
[2025-12-02 10:24:25.932] [OnCmdDataChanged] (0x011A,READ_VBAT)@192
[2025-12-02 10:24:26.597] [DataChangeEventManager][UnsubscribeAll] connectionId = D_ujluq2GjMJxstxEwjtWg ...
[2025-12-02 10:24:26.597] (Addr, CmdName) = (192, MFR_MODEL), found connectionId = D_ujluq2GjMJxstxEwjtWg
[2025-12-02 10:24:26.599] [DataChangeEventManager][UnsubscribeAll] Unhook handler for : (192, MFR_MODEL)
[2025-12-02 10:24:26.602] (Addr, CmdName) = (192, INV_STATUS), found connectionId = D_ujluq2GjMJxstxEwjtWg
[2025-12-02 10:24:26.605] [DataChangeEventManager][UnsubscribeAll] Unhook handler for : (192, INV_STATUS)
[2025-12-02 10:24:26.609] (Addr, CmdName) = (192, INV_FAULT), found connectionId = D_ujluq2GjMJxstxEwjtWg
[2025-12-02 10:24:26.611] [DataChangeEventManager][UnsubscribeAll] Unhook handler for : (192, INV_FAULT)
[2025-12-02 10:24:26.613] (Addr, CmdName) = (192, MFR_REVISION_B0B5), found connectionId = D_ujluq2GjMJxstxEwjtWg
[2025-12-02 10:24:26.615] [DataChangeEventManager][UnsubscribeAll] Unhook handler for : (192, MFR_REVISION_B0B5)
[2025-12-02 10:24:26.617] (Addr, CmdName) = (192, READ_FAN_SPEED_1), found connectionId = D_ujluq2GjMJxstxEwjtWg
[2025-12-02 10:24:26.619] [DataChangeEventManager][UnsubscribeAll] Unhook handler for : (192, READ_FAN_SPEED_1)
[2025-12-02 10:24:26.621] (Addr, CmdName) = (192, READ_FAN_SPEED_2), found connectionId = D_ujluq2GjMJxstxEwjtWg
[2025-12-02 10:24:26.624] [DataChangeEventManager][UnsubscribeAll] Unhook handler for : (192, READ_FAN_SPEED_2)
[2025-12-02 10:24:26.626] (Addr, CmdName) = (192, READ_AC_VOUT), found connectionId = D_ujluq2GjMJxstxEwjtWg
[2025-12-02 10:24:26.628] [DataChangeEventManager][UnsubscribeAll] Unhook handler for : (192, READ_AC_VOUT)
[2025-12-02 10:24:26.630] (Addr, CmdName) = (192, READ_OP_VA), found connectionId = D_ujluq2GjMJxstxEwjtWg
[2025-12-02 10:24:26.632] [DataChangeEventManager][UnsubscribeAll] Unhook handler for : (192, READ_OP_VA)
[2025-12-02 10:24:26.635] (Addr, CmdName) = (192, READ_CHG_CURR), found connectionId = D_ujluq2GjMJxstxEwjtWg
[2025-12-02 10:24:26.636] [DataChangeEventManager][UnsubscribeAll] Unhook handler for : (192, READ_CHG_CURR)
[2025-12-02 10:24:26.639] (Addr, CmdName) = (192, READ_VBAT), found connectionId = D_ujluq2GjMJxstxEwjtWg
[2025-12-02 10:24:26.641] [DataChangeEventManager][UnsubscribeAll] Unhook handler for : (192, READ_VBAT)
[2025-12-02 10:24:26.643] (Addr, CmdName) = (192, READ_TEMPERATURE_1), found connectionId = D_ujluq2GjMJxstxEwjtWg
[2025-12-02 10:24:26.645] [DataChangeEventManager][UnsubscribeAll] Unhook handler for : (192, READ_TEMPERATURE_1)
[2025-12-02 10:24:26.647] [DataChangeEventManager][UnsubscribeAll] done.
[2025-12-02 10:24:30.060] [DataChangeEventManager][EnsureHook] Hooked handler for : MFR_MODEL@2
[2025-12-02 10:24:30.060] [DataChangeEventManager][SubscribeCmd] First Push Data
[2025-12-02 10:24:30.063] [OnCmdDataChanged] (0x0082,MFR_MODEL)@2
[2025-12-02 10:24:30.067] [DataChangeEventManager][EnsureHook] Hooked handler for : INV_STATUS@2
[2025-12-02 10:24:30.068] [DataChangeEventManager][SubscribeCmd] First Push Data
[2025-12-02 10:24:30.071] [OnCmdDataChanged] (0x011D,INV_STATUS)@2
[2025-12-02 10:24:30.076] [DataChangeEventManager][EnsureHook] Hooked handler for : INV_FAULT@2
[2025-12-02 10:24:30.077] [DataChangeEventManager][SubscribeCmd] First Push Data
[2025-12-02 10:24:30.080] [OnCmdDataChanged] (0x011E,INV_FAULT)@2
[2025-12-02 10:24:30.085] [DataChangeEventManager][EnsureHook] Hooked handler for : MFR_REVISION_B0B5@2
[2025-12-02 10:24:30.086] [DataChangeEventManager][SubscribeCmd] First Push Data
[2025-12-02 10:24:30.089] [OnCmdDataChanged] (0x0084,MFR_REVISION_B0B5)@2
[2025-12-02 10:24:30.093] [DataChangeEventManager][EnsureHook] Hooked handler for : READ_FAN_SPEED_1@2
[2025-12-02 10:24:30.095] [DataChangeEventManager][SubscribeCmd] First Push Data
[2025-12-02 10:24:30.098] [OnCmdDataChanged] (0x0070,READ_FAN_SPEED_1)@2
[2025-12-02 10:24:30.102] [DataChangeEventManager][EnsureHook] Hooked handler for : READ_FAN_SPEED_2@2
[2025-12-02 10:24:30.103] [DataChangeEventManager][SubscribeCmd] First Push Data
[2025-12-02 10:24:30.105] [OnCmdDataChanged] (0x0071,READ_FAN_SPEED_2)@2
[2025-12-02 10:24:30.110] [DataChangeEventManager][EnsureHook] Hooked handler for : READ_AC_VOUT@2
[2025-12-02 10:24:30.111] [DataChangeEventManager][SubscribeCmd] First Push Data
[2025-12-02 10:24:30.113] [OnCmdDataChanged] (0x0108,READ_AC_VOUT)@2
[2025-12-02 10:24:30.116] [DataChangeEventManager][EnsureHook] Hooked handler for : READ_OP_VA@2
[2025-12-02 10:24:30.117] [DataChangeEventManager][SubscribeCmd] First Push Data
[2025-12-02 10:24:30.118] [OnCmdDataChanged] (0x0114,READ_OP_VA)@2
[2025-12-02 10:24:30.121] [DataChangeEventManager][EnsureHook] Hooked handler for : READ_CHG_CURR@2
[2025-12-02 10:24:30.122] [DataChangeEventManager][SubscribeCmd] First Push Data
[2025-12-02 10:24:30.128] [OnCmdDataChanged] (0x011B,READ_CHG_CURR)@2
[2025-12-02 10:24:30.133] [DataChangeEventManager][EnsureHook] Hooked handler for : READ_VBAT@2
[2025-12-02 10:24:30.134] [DataChangeEventManager][SubscribeCmd] First Push Data
[2025-12-02 10:24:30.137] [OnCmdDataChanged] (0x011A,READ_VBAT)@2
[2025-12-02 10:24:30.143] [DataChangeEventManager][EnsureHook] Hooked handler for : READ_TEMPERATURE_1@2
[2025-12-02 10:24:30.144] [DataChangeEventManager][SubscribeCmd] First Push Data
[2025-12-02 10:24:30.146] [OnCmdDataChanged] (0x0062,READ_TEMPERATURE_1)@2
[2025-12-02 10:24:30.774] [DataChangeEventManager][EnsureHook][CmdData.OnChanged] READ_AC_VOUT@2 changed
[2025-12-02 10:24:30.775] [OnCmdDataChanged] (0x0108,READ_AC_VOUT)@2
[2025-12-02 10:24:30.778] [DataChangeEventManager][EnsureHook][CmdData.OnChanged] READ_CHG_CURR@2 changed
[2025-12-02 10:24:30.780] [OnCmdDataChanged] (0x011B,READ_CHG_CURR)@2
[2025-12-02 10:24:30.782] [DataChangeEventManager][EnsureHook][CmdData.OnChanged] READ_FAN_SPEED_1@2 changed
[2025-12-02 10:24:30.784] [OnCmdDataChanged] (0x0070,READ_FAN_SPEED_1)@2
[2025-12-02 10:24:30.789] [DataChangeEventManager][EnsureHook][CmdData.OnChanged] READ_FAN_SPEED_2@2 changed
[2025-12-02 10:24:30.792] [OnCmdDataChanged] (0x0071,READ_FAN_SPEED_2)@2
[2025-12-02 10:24:30.795] [DataChangeEventManager][EnsureHook][CmdData.OnChanged] READ_TEMPERATURE_1@2 changed
[2025-12-02 10:24:30.797] [OnCmdDataChanged] (0x0062,READ_TEMPERATURE_1)@2
[2025-12-02 10:24:30.799] [DataChangeEventManager][EnsureHook][CmdData.OnChanged] READ_VBAT@2 changed
[2025-12-02 10:24:30.802] [OnCmdDataChanged] (0x011A,READ_VBAT)@2
[2025-12-02 10:24:31.374] [DataChangeEventManager][UnsubscribeAll] connectionId = _bHlsuBYXI08_21Ao76haw ...
[2025-12-02 10:24:31.375] (Addr, CmdName) = (2, MFR_MODEL), found connectionId = _bHlsuBYXI08_21Ao76haw
[2025-12-02 10:24:31.378] [DataChangeEventManager][UnsubscribeAll] Unhook handler for : (2, MFR_MODEL)
[2025-12-02 10:24:31.380] (Addr, CmdName) = (2, INV_STATUS), found connectionId = _bHlsuBYXI08_21Ao76haw
[2025-12-02 10:24:31.382] [DataChangeEventManager][UnsubscribeAll] Unhook handler for : (2, INV_STATUS)
[2025-12-02 10:24:31.385] (Addr, CmdName) = (2, INV_FAULT), found connectionId = _bHlsuBYXI08_21Ao76haw
[2025-12-02 10:24:31.387] [DataChangeEventManager][UnsubscribeAll] Unhook handler for : (2, INV_FAULT)
[2025-12-02 10:24:31.389] (Addr, CmdName) = (2, MFR_REVISION_B0B5), found connectionId = _bHlsuBYXI08_21Ao76haw
[2025-12-02 10:24:31.390] [DataChangeEventManager][UnsubscribeAll] Unhook handler for : (2, MFR_REVISION_B0B5)
[2025-12-02 10:24:31.392] (Addr, CmdName) = (2, READ_FAN_SPEED_1), found connectionId = _bHlsuBYXI08_21Ao76haw
[2025-12-02 10:24:31.394] [DataChangeEventManager][UnsubscribeAll] Unhook handler for : (2, READ_FAN_SPEED_1)
[2025-12-02 10:24:31.395] (Addr, CmdName) = (2, READ_FAN_SPEED_2), found connectionId = _bHlsuBYXI08_21Ao76haw
[2025-12-02 10:24:31.397] [DataChangeEventManager][UnsubscribeAll] Unhook handler for : (2, READ_FAN_SPEED_2)
[2025-12-02 10:24:31.400] (Addr, CmdName) = (2, READ_AC_VOUT), found connectionId = _bHlsuBYXI08_21Ao76haw
[2025-12-02 10:24:31.402] [DataChangeEventManager][UnsubscribeAll] Unhook handler for : (2, READ_AC_VOUT)
[2025-12-02 10:24:31.404] (Addr, CmdName) = (2, READ_OP_VA), found connectionId = _bHlsuBYXI08_21Ao76haw
[2025-12-02 10:24:31.407] [DataChangeEventManager][UnsubscribeAll] Unhook handler for : (2, READ_OP_VA)
[2025-12-02 10:24:31.409] (Addr, CmdName) = (2, READ_CHG_CURR), found connectionId = _bHlsuBYXI08_21Ao76haw
[2025-12-02 10:24:31.411] [DataChangeEventManager][UnsubscribeAll] Unhook handler for : (2, READ_CHG_CURR)
[2025-12-02 10:24:31.412] (Addr, CmdName) = (2, READ_VBAT), found connectionId = _bHlsuBYXI08_21Ao76haw
[2025-12-02 10:24:31.415] [DataChangeEventManager][UnsubscribeAll] Unhook handler for : (2, READ_VBAT)
[2025-12-02 10:24:31.417] (Addr, CmdName) = (2, READ_TEMPERATURE_1), found connectionId = _bHlsuBYXI08_21Ao76haw
[2025-12-02 10:24:31.419] [DataChangeEventManager][UnsubscribeAll] Unhook handler for : (2, READ_TEMPERATURE_1)
[2025-12-02 10:24:31.422] [DataChangeEventManager][UnsubscribeAll] done.
[2025-12-02 10:24:43.797] [DataChangeEventManager][EnsureHook] Hooked handler for : MFR_MODEL@192
[2025-12-02 10:24:43.798] [DataChangeEventManager][SubscribeCmd] First Push Data
[2025-12-02 10:24:43.800] [OnCmdDataChanged] (0x0086,MFR_MODEL)@192
[2025-12-02 10:24:43.804] [DataChangeEventManager][EnsureHook] Hooked handler for : INV_STATUS@192
[2025-12-02 10:24:43.805] [DataChangeEventManager][SubscribeCmd] First Push Data
[2025-12-02 10:24:43.808] [OnCmdDataChanged] (0x011D,INV_STATUS)@192
[2025-12-02 10:24:43.812] [DataChangeEventManager][EnsureHook] Hooked handler for : INV_FAULT@192
[2025-12-02 10:24:43.818] [DataChangeEventManager][SubscribeCmd] First Push Data
[2025-12-02 10:24:43.823] [OnCmdDataChanged] (0x011E,INV_FAULT)@192
[2025-12-02 10:24:43.832] [DataChangeEventManager][EnsureHook] Hooked handler for : MFR_REVISION_B0B5@192
[2025-12-02 10:24:43.833] [DataChangeEventManager][SubscribeCmd] First Push Data
[2025-12-02 10:24:43.837] [OnCmdDataChanged] (0x008C,MFR_REVISION_B0B5)@192
[2025-12-02 10:24:43.842] [DataChangeEventManager][EnsureHook] Hooked handler for : READ_FAN_SPEED_1@192
[2025-12-02 10:24:43.843] [DataChangeEventManager][SubscribeCmd] First Push Data
[2025-12-02 10:24:43.847] [OnCmdDataChanged] (0x0070,READ_FAN_SPEED_1)@192
[2025-12-02 10:24:43.855] [DataChangeEventManager][EnsureHook] Hooked handler for : READ_FAN_SPEED_2@192
[2025-12-02 10:24:43.856] [DataChangeEventManager][SubscribeCmd] First Push Data
[2025-12-02 10:24:43.858] [OnCmdDataChanged] (0x0071,READ_FAN_SPEED_2)@192
[2025-12-02 10:24:43.864] [DataChangeEventManager][EnsureHook] Hooked handler for : READ_AC_VOUT@192
[2025-12-02 10:24:43.865] [DataChangeEventManager][SubscribeCmd] First Push Data
[2025-12-02 10:24:43.868] [OnCmdDataChanged] (0x0108,READ_AC_VOUT)@192
[2025-12-02 10:24:43.872] [DataChangeEventManager][EnsureHook] Hooked handler for : READ_OP_VA@192
[2025-12-02 10:24:43.873] [DataChangeEventManager][SubscribeCmd] First Push Data
[2025-12-02 10:24:43.876] [OnCmdDataChanged] (0x0114,READ_OP_VA)@192
[2025-12-02 10:24:43.880] [DataChangeEventManager][EnsureHook] Hooked handler for : READ_CHG_CURR@192
[2025-12-02 10:24:43.881] [DataChangeEventManager][SubscribeCmd] First Push Data
[2025-12-02 10:24:43.885] [OnCmdDataChanged] (0x011B,READ_CHG_CURR)@192
[2025-12-02 10:24:43.891] [DataChangeEventManager][EnsureHook] Hooked handler for : READ_VBAT@192
[2025-12-02 10:24:43.892] [DataChangeEventManager][SubscribeCmd] First Push Data
[2025-12-02 10:24:43.895] [OnCmdDataChanged] (0x011A,READ_VBAT)@192
[2025-12-02 10:24:43.899] [DataChangeEventManager][EnsureHook] Hooked handler for : READ_TEMPERATURE_1@192
[2025-12-02 10:24:43.899] [DataChangeEventManager][SubscribeCmd] First Push Data
[2025-12-02 10:24:43.902] [OnCmdDataChanged] (0x0062,READ_TEMPERATURE_1)@192
[2025-12-02 10:24:45.016] [DataChangeEventManager][EnsureHook][CmdData.OnChanged] READ_AC_VOUT@192 changed
[2025-12-02 10:24:45.017] [OnCmdDataChanged] (0x0108,READ_AC_VOUT)@192
[2025-12-02 10:24:45.020] [DataChangeEventManager][EnsureHook][CmdData.OnChanged] READ_CHG_CURR@192 changed
[2025-12-02 10:24:45.023] [OnCmdDataChanged] (0x011B,READ_CHG_CURR)@192
[2025-12-02 10:24:45.026] [DataChangeEventManager][EnsureHook][CmdData.OnChanged] READ_FAN_SPEED_1@192 changed
[2025-12-02 10:24:45.028] [OnCmdDataChanged] (0x0070,READ_FAN_SPEED_1)@192
[2025-12-02 10:24:45.030] [DataChangeEventManager][EnsureHook][CmdData.OnChanged] READ_FAN_SPEED_2@192 changed
[2025-12-02 10:24:45.032] [OnCmdDataChanged] (0x0071,READ_FAN_SPEED_2)@192
[2025-12-02 10:24:45.035] [DataChangeEventManager][EnsureHook][CmdData.OnChanged] READ_OP_VA@192 changed
[2025-12-02 10:24:45.039] [OnCmdDataChanged] (0x0114,READ_OP_VA)@192
[2025-12-02 10:24:45.042] [DataChangeEventManager][EnsureHook][CmdData.OnChanged] READ_TEMPERATURE_1@192 changed
[2025-12-02 10:24:45.045] [OnCmdDataChanged] (0x0062,READ_TEMPERATURE_1)@192
[2025-12-02 10:24:45.047] [DataChangeEventManager][EnsureHook][CmdData.OnChanged] READ_VBAT@192 changed
[2025-12-02 10:24:45.049] [OnCmdDataChanged] (0x011A,READ_VBAT)@192
[2025-12-02 10:24:46.482] [DataChangeEventManager][EnsureHook][CmdData.OnChanged] READ_AC_VOUT@192 changed
[2025-12-02 10:24:46.483] [OnCmdDataChanged] (0x0108,READ_AC_VOUT)@192
[2025-12-02 10:24:46.486] [DataChangeEventManager][EnsureHook][CmdData.OnChanged] READ_CHG_CURR@192 changed
[2025-12-02 10:24:46.488] [OnCmdDataChanged] (0x011B,READ_CHG_CURR)@192
[2025-12-02 10:24:46.490] [DataChangeEventManager][EnsureHook][CmdData.OnChanged] READ_FAN_SPEED_1@192 changed
[2025-12-02 10:24:46.492] [OnCmdDataChanged] (0x0070,READ_FAN_SPEED_1)@192
[2025-12-02 10:24:46.496] [DataChangeEventManager][EnsureHook][CmdData.OnChanged] READ_FAN_SPEED_2@192 changed
[2025-12-02 10:24:46.499] [OnCmdDataChanged] (0x0071,READ_FAN_SPEED_2)@192
[2025-12-02 10:24:46.501] [DataChangeEventManager][EnsureHook][CmdData.OnChanged] READ_OP_VA@192 changed
[2025-12-02 10:24:46.504] [OnCmdDataChanged] (0x0114,READ_OP_VA)@192
[2025-12-02 10:24:46.506] [DataChangeEventManager][EnsureHook][CmdData.OnChanged] READ_TEMPERATURE_1@192 changed
[2025-12-02 10:24:46.508] [OnCmdDataChanged] (0x0062,READ_TEMPERATURE_1)@192
[2025-12-02 10:24:46.511] [DataChangeEventManager][EnsureHook][CmdData.OnChanged] READ_VBAT@192 changed
[2025-12-02 10:24:46.513] [OnCmdDataChanged] (0x011A,READ_VBAT)@192
[2025-12-02 10:24:46.969] [DataChangeEventManager][UnsubscribeAll] connectionId = l6BGtZfs3dvFAr40_aN_eQ ...
[2025-12-02 10:24:46.970] (Addr, CmdName) = (192, MFR_MODEL), found connectionId = l6BGtZfs3dvFAr40_aN_eQ
[2025-12-02 10:24:46.972] [DataChangeEventManager][UnsubscribeAll] Unhook handler for : (192, MFR_MODEL)
[2025-12-02 10:24:46.975] (Addr, CmdName) = (192, INV_STATUS), found connectionId = l6BGtZfs3dvFAr40_aN_eQ
[2025-12-02 10:24:46.978] [DataChangeEventManager][UnsubscribeAll] Unhook handler for : (192, INV_STATUS)
[2025-12-02 10:24:46.980] (Addr, CmdName) = (192, INV_FAULT), found connectionId = l6BGtZfs3dvFAr40_aN_eQ
[2025-12-02 10:24:46.982] [DataChangeEventManager][UnsubscribeAll] Unhook handler for : (192, INV_FAULT)
[2025-12-02 10:24:46.984] (Addr, CmdName) = (192, MFR_REVISION_B0B5), found connectionId = l6BGtZfs3dvFAr40_aN_eQ
[2025-12-02 10:24:46.986] [DataChangeEventManager][UnsubscribeAll] Unhook handler for : (192, MFR_REVISION_B0B5)
[2025-12-02 10:24:46.988] (Addr, CmdName) = (192, READ_FAN_SPEED_1), found connectionId = l6BGtZfs3dvFAr40_aN_eQ
[2025-12-02 10:24:46.991] [DataChangeEventManager][UnsubscribeAll] Unhook handler for : (192, READ_FAN_SPEED_1)
[2025-12-02 10:24:46.993] (Addr, CmdName) = (192, READ_FAN_SPEED_2), found connectionId = l6BGtZfs3dvFAr40_aN_eQ
[2025-12-02 10:24:46.996] [DataChangeEventManager][UnsubscribeAll] Unhook handler for : (192, READ_FAN_SPEED_2)
[2025-12-02 10:24:46.998] (Addr, CmdName) = (192, READ_AC_VOUT), found connectionId = l6BGtZfs3dvFAr40_aN_eQ
[2025-12-02 10:24:47.001] [DataChangeEventManager][UnsubscribeAll] Unhook handler for : (192, READ_AC_VOUT)
[2025-12-02 10:24:47.003] (Addr, CmdName) = (192, READ_OP_VA), found connectionId = l6BGtZfs3dvFAr40_aN_eQ
[2025-12-02 10:24:47.006] [DataChangeEventManager][UnsubscribeAll] Unhook handler for : (192, READ_OP_VA)
[2025-12-02 10:24:47.007] (Addr, CmdName) = (192, READ_CHG_CURR), found connectionId = l6BGtZfs3dvFAr40_aN_eQ
[2025-12-02 10:24:47.011] [DataChangeEventManager][UnsubscribeAll] Unhook handler for : (192, READ_CHG_CURR)
[2025-12-02 10:24:47.014] (Addr, CmdName) = (192, READ_VBAT), found connectionId = l6BGtZfs3dvFAr40_aN_eQ
[2025-12-02 10:24:47.016] [DataChangeEventManager][UnsubscribeAll] Unhook handler for : (192, READ_VBAT)
[2025-12-02 10:24:47.018] (Addr, CmdName) = (192, READ_TEMPERATURE_1), found connectionId = l6BGtZfs3dvFAr40_aN_eQ
[2025-12-02 10:24:47.020] [DataChangeEventManager][UnsubscribeAll] Unhook handler for : (192, READ_TEMPERATURE_1)
[2025-12-02 10:24:47.023] [DataChangeEventManager][UnsubscribeAll] done.
[2025-12-02 10:24:47.548] [DataChangeEventManager][EnsureHook] Hooked handler for : MFR_MODEL@128
[2025-12-02 10:24:47.548] [DataChangeEventManager][SubscribeCmd] First Push Data
[2025-12-02 10:24:47.551] [OnCmdDataChanged] (0x0086,MFR_MODEL)@128
[2025-12-02 10:24:47.554] [DataChangeEventManager][EnsureHook] Hooked handler for : INV_STATUS@128
[2025-12-02 10:24:47.555] [DataChangeEventManager][SubscribeCmd] First Push Data
[2025-12-02 10:24:47.556] [OnCmdDataChanged] (0x011D,INV_STATUS)@128
[2025-12-02 10:24:47.560] [DataChangeEventManager][EnsureHook] Hooked handler for : INV_FAULT@128
[2025-12-02 10:24:47.561] [DataChangeEventManager][SubscribeCmd] First Push Data
[2025-12-02 10:24:47.564] [OnCmdDataChanged] (0x011E,INV_FAULT)@128
[2025-12-02 10:24:47.569] [DataChangeEventManager][EnsureHook] Hooked handler for : MFR_REVISION_B0B5@128
[2025-12-02 10:24:47.569] [DataChangeEventManager][SubscribeCmd] First Push Data
[2025-12-02 10:24:47.573] [OnCmdDataChanged] (0x008C,MFR_REVISION_B0B5)@128
[2025-12-02 10:24:47.578] [DataChangeEventManager][EnsureHook] Hooked handler for : READ_FAN_SPEED_1@128
[2025-12-02 10:24:47.579] [DataChangeEventManager][SubscribeCmd] First Push Data
[2025-12-02 10:24:47.582] [OnCmdDataChanged] (0x0070,READ_FAN_SPEED_1)@128
[2025-12-02 10:24:47.586] [DataChangeEventManager][EnsureHook] Hooked handler for : READ_FAN_SPEED_2@128
[2025-12-02 10:24:47.587] [DataChangeEventManager][SubscribeCmd] First Push Data
[2025-12-02 10:24:47.591] [OnCmdDataChanged] (0x0071,READ_FAN_SPEED_2)@128
[2025-12-02 10:24:47.595] [DataChangeEventManager][EnsureHook] Hooked handler for : READ_AC_VOUT@128
[2025-12-02 10:24:47.595] [DataChangeEventManager][SubscribeCmd] First Push Data
[2025-12-02 10:24:47.598] [OnCmdDataChanged] (0x0108,READ_AC_VOUT)@128
[2025-12-02 10:24:47.601] [DataChangeEventManager][EnsureHook] Hooked handler for : READ_OP_VA@128
[2025-12-02 10:24:47.602] [DataChangeEventManager][SubscribeCmd] First Push Data
[2025-12-02 10:24:47.604] [OnCmdDataChanged] (0x0114,READ_OP_VA)@128
[2025-12-02 10:24:47.608] [DataChangeEventManager][EnsureHook] Hooked handler for : READ_CHG_CURR@128
[2025-12-02 10:24:47.609] [DataChangeEventManager][SubscribeCmd] First Push Data
[2025-12-02 10:24:47.611] [OnCmdDataChanged] (0x011B,READ_CHG_CURR)@128
[2025-12-02 10:24:47.615] [DataChangeEventManager][EnsureHook] Hooked handler for : READ_VBAT@128
[2025-12-02 10:24:47.616] [DataChangeEventManager][SubscribeCmd] First Push Data
[2025-12-02 10:24:47.617] [OnCmdDataChanged] (0x011A,READ_VBAT)@128
[2025-12-02 10:24:47.621] [DataChangeEventManager][EnsureHook] Hooked handler for : READ_TEMPERATURE_1@128
[2025-12-02 10:24:47.623] [DataChangeEventManager][SubscribeCmd] First Push Data
[2025-12-02 10:24:47.626] [OnCmdDataChanged] (0x0062,READ_TEMPERATURE_1)@128
[2025-12-02 10:24:47.736] [DataChangeEventManager][EnsureHook][CmdData.OnChanged] READ_AC_VOUT@128 changed
[2025-12-02 10:24:47.737] [OnCmdDataChanged] (0x0108,READ_AC_VOUT)@128
[2025-12-02 10:24:47.739] [DataChangeEventManager][EnsureHook][CmdData.OnChanged] READ_CHG_CURR@128 changed
[2025-12-02 10:24:47.741] [OnCmdDataChanged] (0x011B,READ_CHG_CURR)@128
[2025-12-02 10:24:47.743] [DataChangeEventManager][EnsureHook][CmdData.OnChanged] READ_FAN_SPEED_1@128 changed
[2025-12-02 10:24:47.745] [OnCmdDataChanged] (0x0070,READ_FAN_SPEED_1)@128
[2025-12-02 10:24:47.749] [DataChangeEventManager][EnsureHook][CmdData.OnChanged] READ_FAN_SPEED_2@128 changed
[2025-12-02 10:24:47.752] [OnCmdDataChanged] (0x0071,READ_FAN_SPEED_2)@128
[2025-12-02 10:24:47.754] [DataChangeEventManager][EnsureHook][CmdData.OnChanged] READ_OP_VA@128 changed
[2025-12-02 10:24:47.756] [OnCmdDataChanged] (0x0114,READ_OP_VA)@128
[2025-12-02 10:24:47.758] [DataChangeEventManager][EnsureHook][CmdData.OnChanged] READ_TEMPERATURE_1@128 changed
[2025-12-02 10:24:47.760] [OnCmdDataChanged] (0x0062,READ_TEMPERATURE_1)@128
[2025-12-02 10:24:47.764] [DataChangeEventManager][EnsureHook][CmdData.OnChanged] READ_VBAT@128 changed
[2025-12-02 10:24:47.767] [OnCmdDataChanged] (0x011A,READ_VBAT)@128
[2025-12-02 10:24:48.130] [DataChangeEventManager][UnsubscribeAll] connectionId = qOw9-dJqkhM_1IgtPV4ZTg ...
[2025-12-02 10:24:48.131] (Addr, CmdName) = (128, MFR_MODEL), found connectionId = qOw9-dJqkhM_1IgtPV4ZTg
[2025-12-02 10:24:48.133] [DataChangeEventManager][UnsubscribeAll] Unhook handler for : (128, MFR_MODEL)
[2025-12-02 10:24:48.135] (Addr, CmdName) = (128, INV_STATUS), found connectionId = qOw9-dJqkhM_1IgtPV4ZTg
[2025-12-02 10:24:48.138] [DataChangeEventManager][UnsubscribeAll] Unhook handler for : (128, INV_STATUS)
[2025-12-02 10:24:48.141] (Addr, CmdName) = (128, INV_FAULT), found connectionId = qOw9-dJqkhM_1IgtPV4ZTg
[2025-12-02 10:24:48.143] [DataChangeEventManager][UnsubscribeAll] Unhook handler for : (128, INV_FAULT)
[2025-12-02 10:24:48.145] (Addr, CmdName) = (128, MFR_REVISION_B0B5), found connectionId = qOw9-dJqkhM_1IgtPV4ZTg
[2025-12-02 10:24:48.147] [DataChangeEventManager][UnsubscribeAll] Unhook handler for : (128, MFR_REVISION_B0B5)
[2025-12-02 10:24:48.149] (Addr, CmdName) = (128, READ_FAN_SPEED_1), found connectionId = qOw9-dJqkhM_1IgtPV4ZTg
[2025-12-02 10:24:48.151] [DataChangeEventManager][UnsubscribeAll] Unhook handler for : (128, READ_FAN_SPEED_1)
[2025-12-02 10:24:48.152] (Addr, CmdName) = (128, READ_FAN_SPEED_2), found connectionId = qOw9-dJqkhM_1IgtPV4ZTg
[2025-12-02 10:24:48.154] [DataChangeEventManager][UnsubscribeAll] Unhook handler for : (128, READ_FAN_SPEED_2)
[2025-12-02 10:24:48.156] (Addr, CmdName) = (128, READ_AC_VOUT), found connectionId = qOw9-dJqkhM_1IgtPV4ZTg
[2025-12-02 10:24:48.158] [DataChangeEventManager][UnsubscribeAll] Unhook handler for : (128, READ_AC_VOUT)
[2025-12-02 10:24:48.160] (Addr, CmdName) = (128, READ_OP_VA), found connectionId = qOw9-dJqkhM_1IgtPV4ZTg
[2025-12-02 10:24:48.162] [DataChangeEventManager][UnsubscribeAll] Unhook handler for : (128, READ_OP_VA)
[2025-12-02 10:24:48.164] (Addr, CmdName) = (128, READ_CHG_CURR), found connectionId = qOw9-dJqkhM_1IgtPV4ZTg
[2025-12-02 10:24:48.167] [DataChangeEventManager][UnsubscribeAll] Unhook handler for : (128, READ_CHG_CURR)
[2025-12-02 10:24:48.169] (Addr, CmdName) = (128, READ_VBAT), found connectionId = qOw9-dJqkhM_1IgtPV4ZTg
[2025-12-02 10:24:48.171] [DataChangeEventManager][UnsubscribeAll] Unhook handler for : (128, READ_VBAT)
[2025-12-02 10:24:48.173] (Addr, CmdName) = (128, READ_TEMPERATURE_1), found connectionId = qOw9-dJqkhM_1IgtPV4ZTg
[2025-12-02 10:24:48.175] [DataChangeEventManager][UnsubscribeAll] Unhook handler for : (128, READ_TEMPERATURE_1)
[2025-12-02 10:24:48.176] [DataChangeEventManager][UnsubscribeAll] done.
[2025-12-02 10:24:48.830] [DataChangeEventManager][EnsureHook] Hooked handler for : MFR_MODEL@64
[2025-12-02 10:24:48.831] [DataChangeEventManager][SubscribeCmd] First Push Data
[2025-12-02 10:24:48.833] [OnCmdDataChanged] (0x0082,MFR_MODEL)@64
[2025-12-02 10:24:48.840] [DataChangeEventManager][EnsureHook] Hooked handler for : INV_STATUS@64
[2025-12-02 10:24:48.841] [DataChangeEventManager][SubscribeCmd] First Push Data
[2025-12-02 10:24:48.844] [OnCmdDataChanged] (0x011D,INV_STATUS)@64
[2025-12-02 10:24:48.847] [DataChangeEventManager][EnsureHook] Hooked handler for : INV_FAULT@64
[2025-12-02 10:24:48.848] [DataChangeEventManager][SubscribeCmd] First Push Data
[2025-12-02 10:24:48.850] [OnCmdDataChanged] (0x011E,INV_FAULT)@64
[2025-12-02 10:24:48.857] [DataChangeEventManager][EnsureHook] Hooked handler for : MFR_REVISION_B0B5@64
[2025-12-02 10:24:48.874] [DataChangeEventManager][SubscribeCmd] First Push Data
[2025-12-02 10:24:48.879] [OnCmdDataChanged] (0x0084,MFR_REVISION_B0B5)@64
[2025-12-02 10:24:48.886] [DataChangeEventManager][EnsureHook] Hooked handler for : READ_FAN_SPEED_1@64
[2025-12-02 10:24:48.888] [DataChangeEventManager][SubscribeCmd] First Push Data
[2025-12-02 10:24:48.892] [OnCmdDataChanged] (0x0070,READ_FAN_SPEED_1)@64
[2025-12-02 10:24:48.896] [DataChangeEventManager][EnsureHook] Hooked handler for : READ_FAN_SPEED_2@64
[2025-12-02 10:24:48.897] [DataChangeEventManager][SubscribeCmd] First Push Data
[2025-12-02 10:24:48.901] [OnCmdDataChanged] (0x0071,READ_FAN_SPEED_2)@64
[2025-12-02 10:24:48.907] [DataChangeEventManager][EnsureHook] Hooked handler for : READ_AC_VOUT@64
[2025-12-02 10:24:48.908] [DataChangeEventManager][SubscribeCmd] First Push Data
[2025-12-02 10:24:48.910] [OnCmdDataChanged] (0x0108,READ_AC_VOUT)@64
[2025-12-02 10:24:48.915] [DataChangeEventManager][EnsureHook] Hooked handler for : READ_OP_VA@64
[2025-12-02 10:24:48.916] [DataChangeEventManager][SubscribeCmd] First Push Data
[2025-12-02 10:24:48.920] [OnCmdDataChanged] (0x0114,READ_OP_VA)@64
[2025-12-02 10:24:48.925] [DataChangeEventManager][EnsureHook] Hooked handler for : READ_CHG_CURR@64
[2025-12-02 10:24:48.926] [DataChangeEventManager][SubscribeCmd] First Push Data
[2025-12-02 10:24:48.928] [OnCmdDataChanged] (0x011B,READ_CHG_CURR)@64
[2025-12-02 10:24:48.933] [DataChangeEventManager][EnsureHook] Hooked handler for : READ_VBAT@64
[2025-12-02 10:24:48.934] [DataChangeEventManager][SubscribeCmd] First Push Data
[2025-12-02 10:24:48.938] [OnCmdDataChanged] (0x011A,READ_VBAT)@64
[2025-12-02 10:24:48.943] [DataChangeEventManager][EnsureHook] Hooked handler for : READ_TEMPERATURE_1@64
[2025-12-02 10:24:48.944] [DataChangeEventManager][SubscribeCmd] First Push Data
[2025-12-02 10:24:48.947] [OnCmdDataChanged] (0x0062,READ_TEMPERATURE_1)@64
[2025-12-02 10:24:48.983] [DataChangeEventManager][EnsureHook][CmdData.OnChanged] READ_AC_VOUT@64 changed
[2025-12-02 10:24:48.985] [OnCmdDataChanged] (0x0108,READ_AC_VOUT)@64
[2025-12-02 10:24:48.988] [DataChangeEventManager][EnsureHook][CmdData.OnChanged] READ_CHG_CURR@64 changed
[2025-12-02 10:24:48.991] [OnCmdDataChanged] (0x011B,READ_CHG_CURR)@64
[2025-12-02 10:24:48.994] [DataChangeEventManager][EnsureHook][CmdData.OnChanged] READ_FAN_SPEED_1@64 changed
[2025-12-02 10:24:48.997] [OnCmdDataChanged] (0x0070,READ_FAN_SPEED_1)@64
[2025-12-02 10:24:48.999] [DataChangeEventManager][EnsureHook][CmdData.OnChanged] READ_FAN_SPEED_2@64 changed
[2025-12-02 10:24:49.002] [OnCmdDataChanged] (0x0071,READ_FAN_SPEED_2)@64
[2025-12-02 10:24:49.004] [DataChangeEventManager][EnsureHook][CmdData.OnChanged] READ_OP_VA@64 changed
[2025-12-02 10:24:49.006] [OnCmdDataChanged] (0x0114,READ_OP_VA)@64
[2025-12-02 10:24:49.008] [DataChangeEventManager][EnsureHook][CmdData.OnChanged] READ_TEMPERATURE_1@64 changed
[2025-12-02 10:24:49.011] [OnCmdDataChanged] (0x0062,READ_TEMPERATURE_1)@64
[2025-12-02 10:24:49.015] [DataChangeEventManager][EnsureHook][CmdData.OnChanged] READ_VBAT@64 changed
[2025-12-02 10:24:49.017] [OnCmdDataChanged] (0x011A,READ_VBAT)@64
[2025-12-02 10:24:49.361] [DataChangeEventManager][UnsubscribeAll] connectionId = W_RJNOk8p1BeGk7bDQ7Thg ...
[2025-12-02 10:24:49.362] (Addr, CmdName) = (64, MFR_MODEL), found connectionId = W_RJNOk8p1BeGk7bDQ7Thg
[2025-12-02 10:24:49.364] [DataChangeEventManager][UnsubscribeAll] Unhook handler for : (64, MFR_MODEL)
[2025-12-02 10:24:49.366] (Addr, CmdName) = (64, INV_STATUS), found connectionId = W_RJNOk8p1BeGk7bDQ7Thg
[2025-12-02 10:24:49.370] [DataChangeEventManager][UnsubscribeAll] Unhook handler for : (64, INV_STATUS)
[2025-12-02 10:24:49.373] (Addr, CmdName) = (64, INV_FAULT), found connectionId = W_RJNOk8p1BeGk7bDQ7Thg
[2025-12-02 10:24:49.374] [DataChangeEventManager][UnsubscribeAll] Unhook handler for : (64, INV_FAULT)
[2025-12-02 10:24:49.376] (Addr, CmdName) = (64, MFR_REVISION_B0B5), found connectionId = W_RJNOk8p1BeGk7bDQ7Thg
[2025-12-02 10:24:49.378] [DataChangeEventManager][UnsubscribeAll] Unhook handler for : (64, MFR_REVISION_B0B5)
[2025-12-02 10:24:49.380] (Addr, CmdName) = (64, READ_FAN_SPEED_1), found connectionId = W_RJNOk8p1BeGk7bDQ7Thg
[2025-12-02 10:24:49.383] [DataChangeEventManager][UnsubscribeAll] Unhook handler for : (64, READ_FAN_SPEED_1)
[2025-12-02 10:24:49.385] (Addr, CmdName) = (64, READ_FAN_SPEED_2), found connectionId = W_RJNOk8p1BeGk7bDQ7Thg
[2025-12-02 10:24:49.387] [DataChangeEventManager][UnsubscribeAll] Unhook handler for : (64, READ_FAN_SPEED_2)
[2025-12-02 10:24:49.388] (Addr, CmdName) = (64, READ_AC_VOUT), found connectionId = W_RJNOk8p1BeGk7bDQ7Thg
[2025-12-02 10:24:49.390] [DataChangeEventManager][UnsubscribeAll] Unhook handler for : (64, READ_AC_VOUT)
[2025-12-02 10:24:49.391] (Addr, CmdName) = (64, READ_OP_VA), found connectionId = W_RJNOk8p1BeGk7bDQ7Thg
[2025-12-02 10:24:49.393] [DataChangeEventManager][UnsubscribeAll] Unhook handler for : (64, READ_OP_VA)
[2025-12-02 10:24:49.395] (Addr, CmdName) = (64, READ_CHG_CURR), found connectionId = W_RJNOk8p1BeGk7bDQ7Thg
[2025-12-02 10:24:49.397] [DataChangeEventManager][UnsubscribeAll] Unhook handler for : (64, READ_CHG_CURR)
[2025-12-02 10:24:49.399] (Addr, CmdName) = (64, READ_VBAT), found connectionId = W_RJNOk8p1BeGk7bDQ7Thg
[2025-12-02 10:24:49.401] [DataChangeEventManager][UnsubscribeAll] Unhook handler for : (64, READ_VBAT)
[2025-12-02 10:24:49.403] (Addr, CmdName) = (64, READ_TEMPERATURE_1), found connectionId = W_RJNOk8p1BeGk7bDQ7Thg
[2025-12-02 10:24:49.404] [DataChangeEventManager][UnsubscribeAll] Unhook handler for : (64, READ_TEMPERATURE_1)
[2025-12-02 10:24:49.407] [DataChangeEventManager][UnsubscribeAll] done.
[2025-12-02 10:24:52.741] [DataChangeEventManager][UnsubscribeAll] connectionId = qOw9-dJqkhM_1IgtPV4ZTg ...
[2025-12-02 10:24:52.741] [DataChangeEventManager][UnsubscribeAll] connectionId = D_ujluq2GjMJxstxEwjtWg ...
[2025-12-02 10:24:52.741] [DataChangeEventManager][UnsubscribeAll] connectionId = W_RJNOk8p1BeGk7bDQ7Thg ...
[2025-12-02 10:24:52.741] [DataChangeEventManager][UnsubscribeAll] connectionId = l6BGtZfs3dvFAr40_aN_eQ ...
[2025-12-02 10:24:52.742] [DataChangeEventManager][UnsubscribeAll] done.
[2025-12-02 10:24:52.742] [DataChangeEventManager][UnsubscribeAll] connectionId = _bHlsuBYXI08_21Ao76haw ...
[2025-12-02 10:24:52.744] [DataChangeEventManager][UnsubscribeAll] done.
[2025-12-02 10:24:52.746] [DataChangeEventManager][UnsubscribeAll] done.
[2025-12-02 10:24:52.748] [DataChangeEventManager][UnsubscribeAll] done.
[2025-12-02 10:24:52.752] [DataChangeEventManager][UnsubscribeAll] done.
